state_A,state_B,harm_A_to_B_mt,harm_B_to_A_mt,net_harm_mt,net_aggressor,net_victim,net_magnitude_mt,conf_A_to_B,conf_B_to_A,fine_eligible_A_to_B,fine_eligible_B_to_A,aggressor_export_share_pct,victim_receipt_share_pct
Kerala,Tamil Nadu,0.009692390953528071,0.040226824876471716,-0.030534433922943645,Tamil Nadu,Kerala,0.030534433922943645,0.014970339834690094,0.012890649959445,False,False,25.28,51.82
Goa,Karnataka,0.0010539440244757845,0.02189045730524269,-0.020836513280766907,Karnataka,Goa,0.020836513280766907,0.011383896693587303,0.015446710400283337,False,False,44.55,39.81
Tripura,West Bengal,9.638143631237831e-05,0.011690050867132755,-0.011593669430820377,West Bengal,Tripura,0.011593669430820377,0.3467680513858795,0.05701839178800583,False,False,15.36,33.26
Himachal Pradesh,Punjab,0.0018627300084587048,0.012466866298452563,-0.010604136289993859,Punjab,Himachal Pradesh,0.010604136289993859,0.025240052491426468,0.10371604561805725,False,False,25.64,29.76
Delhi,Haryana,0.0010224790220431333,0.011585772516283437,-0.010563293494240305,Haryana,Delhi,0.010563293494240305,0.5326164960861206,0.9,False,True,22.39,26.9
Chhattisgarh,Jharkhand,0.012204215135703866,0.0017182867537613832,0.010485928381942483,Chhattisgarh,Jharkhand,0.010485928381942483,0.00829311367124319,0.08657154440879822,False,False,15.18,17.24
Haryana,Himachal Pradesh,0.012450516640693233,0.0025494440702457416,0.009901072570447492,Haryana,Himachal Pradesh,0.009901072570447492,0.639485239982605,0.04397156089544296,False,False,20.99,27.79
Goa,Tamil Nadu,0.00023738294812458233,0.009613353118031076,-0.009375970169906494,Tamil Nadu,Goa,0.009375970169906494,0.011002696119248867,0.00471397303044796,False,False,7.76,17.92
Meghalaya,West Bengal,0.0001334302284526264,0.00945296788028715,-0.009319537651834523,West Bengal,Meghalaya,0.009319537651834523,0.0,0.058872636407613754,False,False,12.35,27.37
Maharashtra,Telangana,0.011504138173390478,0.0023338288622693835,0.009170309311121094,Maharashtra,Telangana,0.009170309311121094,0.77,0.01467822678387165,True,False,14.29,17.45
Odisha,West Bengal,0.01350467088649988,0.004718622770787696,0.008786048115712184,Odisha,West Bengal,0.008786048115712184,0.006274652201682329,0.019420308992266655,False,False,15.56,16.36
Chhattisgarh,Odisha,0.012083786889572436,0.004193861514331614,0.007889925375240822,Chhattisgarh,Odisha,0.007889925375240822,0.012883085757493973,0.042452648282051086,False,False,11.42,20.62
Karnataka,Tamil Nadu,0.0033598883633397304,0.009863179602052383,-0.006503291238712653,Tamil Nadu,Karnataka,0.006503291238712653,0.009438307024538517,0.0053328960202634335,False,False,5.38,17.23
Andhra Pradesh,Tamil Nadu,0.004163783894452443,0.010202885444648705,-0.006039101550196262,Tamil Nadu,Andhra Pradesh,0.006039101550196262,0.006971267051994801,0.0,False,False,5.0,13.41
Andhra Pradesh,Goa,0.005986395299680772,0.00015768561444082083,0.005828709685239951,Andhra Pradesh,Goa,0.005828709685239951,0.007694062776863575,0.014335669577121735,False,False,11.51,11.14
Bihar,Uttar Pradesh,0.0011159863705463026,0.006670408161161807,-0.005554421790615504,Uttar Pradesh,Bihar,0.005554421790615504,0.0,0.76,False,True,10.74,12.31
Andhra Pradesh,Karnataka,0.009892278493928345,0.004785545709807099,0.005106732784121246,Andhra Pradesh,Karnataka,0.005106732784121246,0.011542156338691711,0.0,False,False,10.09,13.53
Bihar,Sikkim,0.005166023462467799,0.00010458525991604087,0.005061438202551758,Bihar,Sikkim,0.005061438202551758,0.0030045213643461466,0.6131348013877869,False,False,12.57,15.81
Assam,Nagaland,0.005311886322237297,0.00043737421111863725,0.0048745121111186595,Assam,Nagaland,0.0048745121111186595,0.5528210997581482,0.4121253490447998,False,False,21.95,18.22
Tamil Nadu,Telangana,0.00667686409204123,0.0018229814383533848,0.0048538826536878455,Tamil Nadu,Telangana,0.0048538826536878455,0.0,0.010531257838010788,False,False,4.02,9.24
Sikkim,West Bengal,2.8035173642359635e-05,0.004856448648486608,-0.004828413474844249,West Bengal,Sikkim,0.004828413474844249,0.0,0.0587904267013073,False,False,6.4,15.08
Haryana,Punjab,0.004515563819054965,0.009342130522761123,-0.0048265667037061585,Punjab,Haryana,0.0048265667037061585,0.5633763670921326,0.92,False,True,11.67,17.19
Jharkhand,West Bengal,0.015286220491727518,0.010572694187013698,0.004713526304713819,Jharkhand,West Bengal,0.004713526304713819,0.8,0.030727984383702278,True,False,8.71,8.78
Mizoram,West Bengal,2.9106085191275233e-05,0.004653522960358599,-0.004624416875167324,West Bengal,Mizoram,0.004624416875167324,0.6495530605316162,0.05693618208169937,False,False,6.13,17.78
Goa,Maharashtra,9.436626499074056e-05,0.004609983234070507,-0.004515616969079766,Maharashtra,Goa,0.004515616969079766,0.0,0.04358513280749321,False,False,7.04,8.63
Manipur,West Bengal,4.6142982063407314e-05,0.004370307021972551,-0.004324164039909144,West Bengal,Manipur,0.004324164039909144,0.5902516841888428,0.05576282739639282,False,False,5.73,15.91
Odisha,Tripura,0.004336473156255798,3.071408571394019e-05,0.004305759070541857,Odisha,Tripura,0.004305759070541857,0.0028947321698069572,0.4951140582561493,False,False,7.63,12.35
Karnataka,Maharashtra,0.002261012816126315,0.00639061549418445,-0.004129602678058135,Maharashtra,Karnataka,0.004129602678058135,0.0,0.04421944543719292,False,False,6.44,10.94
Assam,West Bengal,0.00043862151354357446,0.0045530478878280465,-0.004114426374284472,West Bengal,Assam,0.004114426374284472,0.5009593367576599,0.05890430882573128,False,False,5.45,15.37
Haryana,Uttarakhand,0.0046274341163760665,0.000636558662360186,0.00399087545401588,Haryana,Uttarakhand,0.00399087545401588,0.640537679195404,0.038568511605262756,False,False,8.46,14.53
Punjab,Uttarakhand,0.004191957652342069,0.0003162140015139375,0.0038757436508281315,Punjab,Uttarakhand,0.0038757436508281315,0.017197785899043083,0.022375768050551414,False,False,9.37,14.11
Delhi,Uttarakhand,0.005475735459590831,0.0016814410699135499,0.0037942943896772815,Delhi,Uttarakhand,0.0037942943896772815,0.6458043456077576,0.0064680567011237144,False,False,20.77,13.81
Odisha,Sikkim,0.003813235436010111,3.357194345297229e-05,0.0037796634925571387,Odisha,Sikkim,0.0037796634925571387,0.0,0.30365806818008423,False,False,6.69,11.81
Nagaland,West Bengal,3.297980978597844e-05,0.0037505314959998476,-0.003717551686213869,West Bengal,Nagaland,0.003717551686213869,0.0,0.05561418831348419,False,False,4.93,13.89
Meghalaya,Odisha,4.34385775574658e-05,0.003418037477233128,-0.0033745988996756624,Odisha,Meghalaya,0.0033745988996756624,0.0,0.04004292190074921,False,False,5.98,9.91
Mizoram,Odisha,1.1229795968691454e-05,0.0033767540104215122,-0.003365524214452821,Odisha,Mizoram,0.003365524214452821,0.5161586999893188,0.03941835090517998,False,False,5.96,12.94
Chhattisgarh,Maharashtra,0.001198008429882329,0.004467103205178738,-0.003269094775296409,Maharashtra,Chhattisgarh,0.003269094775296409,0.0,0.04442044347524643,False,False,5.09,9.06
Goa,Gujarat,5.124695524693555e-05,0.0032471151680330394,-0.003195868212786104,Gujarat,Goa,0.003195868212786104,0.016476064920425415,0.040429774671792984,False,False,5.07,6.11
Arunachal Pradesh,West Bengal,6.861730749451136e-05,0.003244793894584617,-0.003176176587090106,West Bengal,Arunachal Pradesh,0.003176176587090106,0.6136941313743591,0.05706341564655304,False,False,4.21,13.46
Delhi,Gujarat,0.0003611181782395557,0.0034876673866368027,-0.003126549208397247,Gujarat,Delhi,0.003126549208397247,0.6141194701194763,0.04260961711406708,False,False,4.96,7.96
Karnataka,Kerala,0.005764565065928008,0.0027241167311827866,0.0030404483347452214,Karnataka,Kerala,0.0030404483347452214,0.00284559722058475,0.010578177869319916,False,False,6.5,5.16
Andhra Pradesh,Maharashtra,0.0013414266986270522,0.004346541840524497,-0.003005115141897445,Maharashtra,Andhra Pradesh,0.003005115141897445,0.003048834390938282,0.77,False,True,4.68,6.67
Chhattisgarh,West Bengal,0.004912704472966377,0.001927416895850834,0.0029852875771155434,Chhattisgarh,West Bengal,0.0029852875771155434,0.0,0.03196178004145622,False,False,4.32,5.56
Gujarat,Madhya Pradesh,0.0036871954892658022,0.0007064263417938514,0.0029807691474719508,Gujarat,Madhya Pradesh,0.0029807691474719508,0.00879873987287283,0.43237239122390747,False,False,4.73,10.78
Delhi,Punjab,0.0009430487865012548,0.003908405935173385,-0.0029653571486721302,Punjab,Delhi,0.0029653571486721302,0.5168867111206055,0.10157044231891632,False,False,7.17,7.55
Arunachal Pradesh,Assam,0.00016069545984573268,0.003124640163535689,-0.002963944703689956,Assam,Arunachal Pradesh,0.002963944703689956,0.6224495768547058,0.5653398633003235,False,False,13.34,12.56
Bihar,Chhattisgarh,0.0006399603933949094,0.0035782317441630726,-0.0029382713507681633,Chhattisgarh,Bihar,0.0029382713507681633,0.0,0.03186001256108284,False,False,4.25,6.51
Jharkhand,Maharashtra,4.824048830452894e-05,0.0029793051945082457,-0.0029310647062037168,Maharashtra,Jharkhand,0.0029310647062037168,0.028927920386195183,0.044659994542598724,False,False,4.57,4.82
Delhi,Rajasthan,0.0009301163333879014,0.003838437904319773,-0.0029083215709318714,Rajasthan,Delhi,0.0029083215709318714,0.5989353656768799,0.5688794851303101,False,False,11.6,7.41
Jharkhand,Sikkim,0.0029508056171337073,4.611995399327524e-05,0.002904685663140432,Jharkhand,Sikkim,0.002904685663140432,0.04089346155524254,0.5006331205368042,False,False,5.37,9.07
Assam,Manipur,0.0033525116979514265,0.0005706531419914322,0.002781858555959994,Assam,Manipur,0.002781858555959994,0.1391844004392624,0.6033055186271667,False,False,12.53,10.23
Andhra Pradesh,Kerala,0.004187044141607805,0.001496386228307202,0.0026906579133006035,Andhra Pradesh,Kerala,0.0026906579133006035,0.0010323995957151055,0.0007842499180696905,False,False,5.31,4.57
Gujarat,Rajasthan,0.0033085567206495767,0.000670924684039402,0.002637632036610175,Gujarat,Rajasthan,0.002637632036610175,0.0040582590736448765,0.5404891967773438,False,False,4.18,17.42
Chhattisgarh,Telangana,0.005777191870544257,0.0031900601339605156,0.002587131736583741,Chhattisgarh,Telangana,0.002587131736583741,0.0,0.010757749900221825,False,False,3.74,4.92
Gujarat,Uttar Pradesh,0.002938956638286658,0.00038402692514581926,0.0025549297131408385,Gujarat,Uttar Pradesh,0.0025549297131408385,0.006932124961167574,0.09541992843151093,False,False,4.05,9.71
Goa,Kerala,0.0002534529964149346,0.002796572144283546,-0.0025431191478686114,Kerala,Goa,0.0025431191478686114,0.006713853217661381,0.009940586984157562,False,False,11.0,4.86
Jharkhand,Tripura,0.0025087356481643106,3.836646502294108e-05,0.0024703691831413697,Jharkhand,Tripura,0.0024703691831413697,0.029393566772341728,0.5276451706886292,False,False,4.56,7.09
Delhi,Tamil Nadu,0.00018269043360888505,0.0026439244932610286,-0.0024612340596521435,Tamil Nadu,Delhi,0.0024612340596521435,0.6565905213356018,0.006916449870914221,False,False,2.04,6.27
Chhattisgarh,Mizoram,0.0024767600346096924,1.6465853008940527e-05,0.002460294181600752,Chhattisgarh,Mizoram,0.002460294181600752,0.0,0.5387928485870361,False,False,3.56,9.46
Chhattisgarh,Gujarat,0.00028014759940820044,0.002733312154962415,-0.002453164555554215,Gujarat,Chhattisgarh,0.002453164555554215,0.004983013961464167,0.041374415159225464,False,False,3.89,6.8
Jharkhand,Meghalaya,0.002560375763001844,0.0001215298238485566,0.0024388459391532875,Jharkhand,Meghalaya,0.0024388459391532875,0.04285212233662605,0.0682593435049057,False,False,4.51,7.16
Haryana,Rajasthan,0.0016059814186436424,0.004038999432416448,-0.0024330180137728053,Rajasthan,Haryana,0.0024330180137728053,0.630666971206665,0.75,False,False,9.7,8.67
Bihar,Maharashtra,0.00020050322344621798,0.0025709304122471703,-0.0023704271888009523,Maharashtra,Bihar,0.0023704271888009523,0.0,0.04698291793465614,False,False,3.69,5.25
Gujarat,Maharashtra,0.004146696094674133,0.0018092008800259774,0.002337495214648156,Gujarat,Maharashtra,0.002337495214648156,0.0031502966303378344,0.05012812465429306,False,False,3.71,11.35
Jharkhand,Mizoram,0.0023406021468852563,2.1261512449145847e-05,0.0023193406344361104,Jharkhand,Mizoram,0.0023193406344361104,0.01602308265864849,0.5508835315704346,False,False,4.28,8.92
Chhattisgarh,Tripura,0.0023268390787863353,7.793786737847876e-06,0.0023190452920484874,Chhattisgarh,Tripura,0.0023190452920484874,0.0,0.49461519718170166,False,False,3.36,6.65
Gujarat,Jharkhand,0.002316645565553123,0.0,0.002316645565553123,Gujarat,Jharkhand,0.002316645565553123,0.0,0.10349348932504654,False,False,3.68,3.81
Gujarat,Telangana,0.002612022387816749,0.00033992340531757405,0.002272098982499175,Gujarat,Telangana,0.002272098982499175,0.009313586167991161,0.01018020510673523,False,False,3.6,4.32
Manipur,Odisha,9.733283937178003e-07,0.002247700716888058,-0.0022467273884943404,Odisha,Manipur,0.0022467273884943404,0.5641729831695557,0.0398387648165226,False,False,3.98,8.26
Nagaland,Odisha,2.9194412538861354e-06,0.002247700716888058,-0.002244781275634172,Odisha,Nagaland,0.002244781275634172,0.0,0.04004292190074921,False,False,3.98,8.39
Assam,Odisha,5.137333639817928e-05,0.0022813253033205525,-0.0022299519669223733,Odisha,Assam,0.0022299519669223733,0.45295050740242004,0.0402311347424984,False,False,3.95,8.33
Chhattisgarh,Meghalaya,0.002292621004013602,7.541186894916418e-05,0.002217209135064438,Chhattisgarh,Meghalaya,0.002217209135064438,0.0,0.05251306667923927,False,False,3.21,6.51
Assam,Jharkhand,0.0002739099652944842,0.002490433203225904,-0.0022165232379314195,Jharkhand,Assam,0.0022165232379314195,0.6364080309867859,0.10267570614814758,False,False,4.09,8.28
Gujarat,Haryana,0.0024733718092118163,0.00026653340662891864,0.0022068384025828976,Gujarat,Haryana,0.0022068384025828976,0.010400657542049885,0.575760006904602,False,False,3.5,7.86
Chhattisgarh,Tamil Nadu,0.0013896372618692908,0.00356849319108146,-0.0021788559292121694,Tamil Nadu,Chhattisgarh,0.0021788559292121694,0.0017133455257862806,0.0,False,False,1.8,6.04
Sikkim,Uttar Pradesh,8.924430705047203e-05,0.0022553438168879435,-0.0021660995098374716,Uttar Pradesh,Sikkim,0.0021660995098374716,0.6009359955787659,0.10947839170694351,False,False,4.19,6.77
Bihar,Odisha,0.0008688750725783936,0.0030206962885231136,-0.00215182121594472,Odisha,Bihar,0.00215182121594472,0.0,0.03176547586917877,False,False,3.81,4.77
Jharkhand,Uttar Pradesh,0.0009590872730144103,0.003053431030031904,-0.002094343757017494,Uttar Pradesh,Jharkhand,0.002094343757017494,0.008080508559942245,0.10309506207704544,False,False,4.05,3.44
Uttar Pradesh,West Bengal,0.003345248758627124,0.0012720959741672096,0.0020731527844599145,Uttar Pradesh,West Bengal,0.0020731527844599145,0.76,0.03731803223490715,True,False,4.01,3.86
Sikkim,Tamil Nadu,8.13763268189611e-06,0.0020526009006801476,-0.0020444632679982515,Tamil Nadu,Sikkim,0.0020444632679982515,0.02214890718460083,0.0,False,False,1.69,6.39
Kerala,Maharashtra,0.0006128956597330754,0.002633068684446937,-0.0020201730247138617,Maharashtra,Kerala,0.0020201730247138617,0.01465005986392498,0.044054463505744934,False,False,3.15,3.43
Gujarat,West Bengal,0.0022083260371427407,0.00019095342518197166,0.0020173726119607693,Gujarat,West Bengal,0.0020173726119607693,0.003457095706835389,0.030142787843942642,False,False,3.2,3.76
Maharashtra,Assam,0.0019998492218080864,0.0,0.0019998492218080864,Maharashtra,Assam,0.0019998492218080864,0.04375026375055313,0.646391749382019,False,False,3.12,7.47
Uttarakhand,Uttar Pradesh,0.0007129102912302952,0.0026893560847630078,-0.0019764457935327125,Uttar Pradesh,Uttarakhand,0.0019764457935327125,0.0,0.08846087753772736,False,False,3.82,7.19
Tamil Nadu,Nagaland,0.0019708657508373524,0.0,0.0019708657508373524,Tamil Nadu,Nagaland,0.0019708657508373524,0.0,0.0,False,False,1.63,7.36
Tamil Nadu,Manipur,0.0019708657508373524,0.0,0.0019708657508373524,Tamil Nadu,Manipur,0.0019708657508373524,0.0,0.39602622389793396,False,False,1.63,7.25
Gujarat,Bihar,0.0019640911273103383,0.0,0.0019640911273103383,Gujarat,Bihar,0.0019640911273103383,0.04078703373670578,0.0,False,False,3.12,4.35
Maharashtra,Odisha,0.0022125779668991483,0.0002519828299715735,0.0019605951369275746,Maharashtra,Odisha,0.0019605951369275746,0.002080197213217616,0.039152514189481735,False,False,3.06,5.12
Chhattisgarh,Manipur,0.001953392819475854,0.0,0.001953392819475854,Chhattisgarh,Manipur,0.001953392819475854,0.0,0.3456970155239105,False,False,2.83,7.18
Bihar,Meghalaya,0.002199774649564087,0.00025154218325560904,0.0019482324663084778,Bihar,Meghalaya,0.0019482324663084778,0.00604800321161747,0.07492070645093918,False,False,4.84,5.72
Tamil Nadu,Meghalaya,0.0019427280229445038,0.0,0.0019427280229445038,Tamil Nadu,Meghalaya,0.0019427280229445038,0.0,0.0,False,False,1.61,5.71
Tamil Nadu,Mizoram,0.0019233761321170036,0.0,0.0019233761321170036,Tamil Nadu,Mizoram,0.0019233761321170036,0.0,0.055706825107336044,False,False,1.59,7.4
Odisha,Tamil Nadu,0.00030583475786464116,0.0022234261574258694,-0.0019175913995612282,Tamil Nadu,Odisha,0.0019175913995612282,0.0,0.0,False,False,1.59,5.01
Bihar,Tripura,0.0019193823429415721,3.386385625793404e-05,0.0018855184866836381,Bihar,Tripura,0.0018855184866836381,0.0,0.5389370322227478,False,False,4.68,5.41
Arunachal Pradesh,Tamil Nadu,2.7855695104947678e-05,0.0019119442526966714,-0.0018840885575917238,Tamil Nadu,Arunachal Pradesh,0.0018840885575917238,0.584186315536499,0.0,False,False,1.56,7.98
Haryana,Tamil Nadu,0.0001902442630854304,0.0020699145872872323,-0.0018796703242018019,Tamil Nadu,Haryana,0.0018796703242018019,0.6479948163032532,0.005564040970057249,False,False,1.56,6.7
Punjab,Tamil Nadu,0.00016921308241354263,0.002048397297195304,-0.0018791842147817613,Tamil Nadu,Punjab,0.0018791842147817613,0.00910450890660286,0.005564040970057249,False,False,1.56,11.2
Chhattisgarh,Sikkim,0.0018877468267122614,1.802118000237859e-05,0.0018697256467098827,Chhattisgarh,Sikkim,0.0018697256467098827,0.000318947626510635,0.4973891079425812,False,False,2.71,5.84
Tamil Nadu,Jharkhand,0.0018681696286203797,0.0,0.0018681696286203797,Tamil Nadu,Jharkhand,0.0018681696286203797,0.0,0.025583164766430855,False,False,1.55,3.07
Andhra Pradesh,Gujarat,0.0005714136075367981,0.0024394521199832837,-0.0018680385124464857,Gujarat,Andhra Pradesh,0.0018680385124464857,0.006011931225657463,0.040871575474739075,False,False,2.96,4.15
Assam,Meghalaya,0.0032998167413102316,0.0014480602694178987,0.001851756471892333,Assam,Meghalaya,0.001851756471892333,0.5194474458694458,0.021768495440483093,False,False,8.34,5.44
Jharkhand,Manipur,0.0018711028927468891,2.148204385962687e-05,0.0018496208488872623,Jharkhand,Manipur,0.0018496208488872623,0.03975393623113632,0.4120234251022339,False,False,3.42,6.8
Arunachal Pradesh,Maharashtra,2.4069336506008672e-05,0.0018368433745919242,-0.0018127740380859156,Maharashtra,Arunachal Pradesh,0.0018127740380859156,0.6701176166534424,0.04375026375055313,False,False,2.83,7.68
Bihar,Manipur,0.0018276695854470104,1.8715271350240925e-05,0.0018089543140967694,Bihar,Manipur,0.0018089543140967694,0.003197713289409876,0.47140827775001526,False,False,4.49,6.65
Tamil Nadu,Bihar,0.001804793605862576,0.0,0.001804793605862576,Tamil Nadu,Bihar,0.001804793605862576,0.0,0.0,False,False,1.49,4.0
Himachal Pradesh,Tamil Nadu,4.100095663333581e-05,0.0018382712129667788,-0.001797270256333443,Tamil Nadu,Himachal Pradesh,0.001797270256333443,0.003511002752929926,0.005627995822578669,False,False,1.49,5.04
Gujarat,Karnataka,0.0032107304860355965,0.0014416286708202818,0.0017691018152153147,Gujarat,Karnataka,0.0017691018152153147,0.0020033179316669703,0.013990191742777824,False,False,2.81,4.69
Gujarat,Odisha,0.001687859973888409,0.0,0.001687859973888409,Gujarat,Odisha,0.001687859973888409,0.015211164951324463,0.04256628826260567,False,False,2.68,4.41
Gujarat,Sikkim,0.0017006039751206587,1.3892598538007624e-05,0.001686711376582651,Gujarat,Sikkim,0.001686711376582651,0.008034950122237206,0.5607137084007263,False,False,2.68,5.27
Bihar,Jharkhand,0.013335824649002645,0.011659681113137648,0.0016761435358649962,Bihar,Jharkhand,0.0016761435358649962,0.0059488145634531975,0.11056176573038101,False,False,4.16,2.76
Tamil Nadu,Assam,0.0016718170974204382,0.0,0.0016718170974204382,Tamil Nadu,Assam,0.0016718170974204382,0.0,0.3195958435535431,False,False,1.38,6.24
Bihar,Mizoram,0.00167459998128462,2.5658039920192515e-05,0.0016489419413644275,Bihar,Mizoram,0.0016489419413644275,0.0,0.7045714259147644,False,False,4.09,6.34
Arunachal Pradesh,Odisha,3.110848567137724e-05,0.0016710055537540248,-0.0016398970680826476,Odisha,Arunachal Pradesh,0.0016398970680826476,0.643155574798584,0.03932560235261917,False,False,2.9,6.95
Assam,Gujarat,9.95711796242752e-07,0.001635015019523966,-0.0016340193077277233,Gujarat,Assam,0.0016340193077277233,0.6209472417831421,0.04055307060480118,False,False,2.59,6.1
Chhattisgarh,Assam,0.0016043414723446935,0.0,0.0016043414723446935,Chhattisgarh,Assam,0.0016043414723446935,0.02891043946146965,0.6047530770301819,False,False,2.32,5.99
Arunachal Pradesh,Gujarat,2.4092846222971303e-05,0.0016194204257534831,-0.0015953275795305118,Gujarat,Arunachal Pradesh,0.0015953275795305118,0.6480168104171753,0.04055307060480118,False,False,2.53,6.76
Gujarat,Nagaland,0.001592618538318531,0.0,0.001592618538318531,Gujarat,Nagaland,0.001592618538318531,0.003711861791089177,0.28239840269088745,False,False,2.53,5.95
Gujarat,Manipur,0.0015816142892558422,0.0,0.0015816142892558422,Gujarat,Manipur,0.0015816142892558422,0.0022414817940443754,0.3888304531574249,False,False,2.51,5.82
Chhattisgarh,Nagaland,0.0015761481608885732,0.0,0.0015761481608885732,Chhattisgarh,Nagaland,0.0015761481608885732,0.0,0.2887127995491028,False,False,2.28,5.89
Gujarat,Tripura,0.001525534992324434,0.0,0.001525534992324434,Gujarat,Tripura,0.001525534992324434,0.009268628433346748,0.5113863348960876,False,False,2.42,4.38
Bihar,Madhya Pradesh,0.0006002565867539132,0.002114654034822426,-0.0015143974480685126,Madhya Pradesh,Bihar,0.0015143974480685126,0.0,0.6150399446487427,False,False,4.02,3.36
Assam,Bihar,0.00034084047089423975,0.0018440281178611674,-0.0015031876469669275,Bihar,Assam,0.0015031876469669275,0.6756843328475952,0.00013878464233130217,False,False,3.73,5.62
Gujarat,Punjab,0.0017657728973154909,0.0002741127901851943,0.0014916601071302965,Gujarat,Punjab,0.0014916601071302965,0.005871463101357222,0.10116961598396301,False,False,2.37,8.89
Jharkhand,Madhya Pradesh,0.0008071709852947821,0.002293633368983934,-0.0014864623836891517,Madhya Pradesh,Jharkhand,0.0014864623836891517,0.025494247674942017,0.6161930561065674,False,False,3.95,2.44
Gujarat,Mizoram,0.0014824302027604422,1.187221391391313e-05,0.0014705579888465291,Gujarat,Mizoram,0.0014705579888465291,0.0003523847844917327,0.4593255817890167,False,False,2.33,5.66
Himachal Pradesh,Uttarakhand,0.0019854516989239674,0.0005185203744562187,0.0014669313244677486,Himachal Pradesh,Uttarakhand,0.0014669313244677486,0.004874601028859615,0.015818944200873375,False,False,12.71,5.34
Gujarat,Himachal Pradesh,0.001652206793150777,0.00020346853809740954,0.0014487382550533675,Gujarat,Himachal Pradesh,0.0014487382550533675,0.0016181344399228692,0.03713245689868927,False,False,2.3,4.07
Arunachal Pradesh,Jharkhand,4.333920760818682e-05,0.0014542294925224788,-0.001410890284914292,Jharkhand,Arunachal Pradesh,0.001410890284914292,0.6690079569816589,0.10396695882081985,False,False,2.61,5.98
Rajasthan,Tamil Nadu,0.0003896354027391633,0.0017727335168599776,-0.0013830981141208143,Tamil Nadu,Rajasthan,0.0013830981141208143,0.6419068574905396,0.006561669986695051,False,False,1.15,9.14
Tripura,Uttar Pradesh,7.507646497196853e-06,0.0013787327331301104,-0.0013712250866329135,Uttar Pradesh,Tripura,0.0013712250866329135,0.5486622452735901,0.10928568989038467,False,False,2.65,3.93
Gujarat,Uttarakhand,0.001458291657200835,0.00014906646055567923,0.0013092251966451557,Gujarat,Uttarakhand,0.0013092251966451557,0.0043149469420313835,0.0,False,False,2.08,4.77
Maharashtra,Tamil Nadu,0.002113587781216317,0.0034138679576685813,-0.0013002801764522643,Tamil Nadu,Maharashtra,0.0013002801764522643,0.005928093567490578,0.0068196943029761314,False,False,1.08,6.31
Meghalaya,Uttar Pradesh,9.4224063445477e-05,0.0013795379252415601,-0.0012853138617960832,Uttar Pradesh,Meghalaya,0.0012853138617960832,0.017914321273565292,0.10928568989038467,False,False,2.49,3.77
Gujarat,Meghalaya,0.0014215199525566915,0.00016645270112382267,0.0012550672514328688,Gujarat,Meghalaya,0.0012550672514328688,0.0014058443484827876,0.08102763444185257,False,False,1.99,3.69
Bihar,Nagaland,0.0012535957117812363,1.0103618821358085e-05,0.0012434920929598782,Bihar,Nagaland,0.0012434920929598782,0.0,0.35504966974258423,False,False,3.09,4.65
Jharkhand,Telangana,0.0003299061943904906,0.0015664077286260904,-0.0012365015342355999,Telangana,Jharkhand,0.0012365015342355999,0.0,0.010711414739489555,False,False,3.15,2.03
Jharkhand,Nagaland,0.0012246624661024473,3.744273779523828e-07,0.001224288038724495,Jharkhand,Nagaland,0.001224288038724495,0.04749070107936859,0.35152754187583923,False,False,2.26,4.57
Rajasthan,Uttarakhand,0.001454265525818393,0.0002598244309960766,0.0011944410948223165,Rajasthan,Uttarakhand,0.0011944410948223165,0.6502407789230347,0.013724472373723984,False,False,4.76,4.35
Uttar Pradesh,Manipur,0.0011476899928292699,0.0,0.0011476899928292699,Uttar Pradesh,Manipur,0.0011476899928292699,0.10928568989038467,0.6613218188285828,False,False,2.22,4.22
Mizoram,Uttar Pradesh,7.44012530732677e-07,0.0011444918531504885,-0.0011437478406197557,Uttar Pradesh,Mizoram,0.0011437478406197557,0.6206538081169128,0.10928568989038467,False,False,2.21,4.4
Chhattisgarh,Madhya Pradesh,0.004581044427027925,0.005704304655201583,-0.0011232602281736588,Madhya Pradesh,Chhattisgarh,0.0011232602281736588,0.0,0.6132825016975403,False,False,2.98,3.11
Tamil Nadu,Tripura,0.0011101785154748708,2.15294356045826e-06,0.0011080255719144124,Tamil Nadu,Tripura,0.0011080255719144124,0.0,0.07712511718273163,False,False,0.92,3.18
Madhya Pradesh,Telangana,0.002010399224009269,0.0009026964959074796,0.0011077027281017893,Madhya Pradesh,Telangana,0.0011077027281017893,0.6644418239593506,0.007597657851874828,False,False,2.94,2.11
Assam,Tripura,0.0015398339422820007,0.0004343363382019343,0.0011054976040800663,Assam,Tripura,0.0011054976040800663,0.1779247224330902,0.5250284075737,False,False,4.98,3.17
Arunachal Pradesh,Chhattisgarh,2.13243312037509e-05,0.001116917220310183,-0.001095592889106432,Chhattisgarh,Arunachal Pradesh,0.001095592889106432,0.6690225005149841,0.028330538421869278,False,False,1.59,4.64
Maharashtra,West Bengal,0.001485470239217506,0.00039266157242173614,0.0010928086667957699,Maharashtra,West Bengal,0.0010928086667957699,0.00542826484888792,0.030680054798722267,False,False,1.7,2.04
Arunachal Pradesh,Bihar,4.552740540486124e-05,0.0011282529206503127,-0.0010827255152454514,Bihar,Arunachal Pradesh,0.0010827255152454514,0.6796103119850159,0.0,False,False,2.69,4.59
Haryana,Uttar Pradesh,0.0024962292485629254,0.0014305071738879161,0.0010657220746750093,Haryana,Uttar Pradesh,0.0010657220746750093,0.88,0.09200642257928848,True,False,2.26,4.05
Goa,Uttar Pradesh,1.959355208940899e-05,0.001078602228972249,-0.00105900867688284,Uttar Pradesh,Goa,0.00105900867688284,0.0,0.10934250056743622,False,False,2.05,2.02
Assam,Sikkim,0.0011227822738031714,6.751785598202987e-05,0.0010552644178211416,Assam,Sikkim,0.0010552644178211416,0.6238142251968384,0.6031028628349304,False,False,4.75,3.3
Delhi,Himachal Pradesh,0.0011931115693396457,0.002247086592803085,-0.0010539750234634393,Himachal Pradesh,Delhi,0.0010539750234634393,0.6269928216934204,0.04233938083052635,False,False,9.13,2.68
Maharashtra,Mizoram,0.00104756856538255,9.6233714543304e-06,0.0010379451939282196,Maharashtra,Mizoram,0.0010379451939282196,0.004808003082871437,0.4237760305404663,False,False,1.62,3.99
Madhya Pradesh,West Bengal,0.002184046391786359,0.0011472195420882026,0.0010368268496981563,Madhya Pradesh,West Bengal,0.0010368268496981563,0.6617618203163147,0.029651639983057976,False,False,2.75,1.93
Uttar Pradesh,Nagaland,0.001022713183471435,0.0,0.001022713183471435,Uttar Pradesh,Nagaland,0.001022713183471435,0.10928568989038467,0.01388135738670826,False,False,1.98,3.82
Tamil Nadu,Uttarakhand,0.0010962687738133045,7.35633246635455e-05,0.001022705449149759,Tamil Nadu,Uttarakhand,0.001022705449149759,0.0007226795423775911,0.0,False,False,0.85,3.72
Maharashtra,Nagaland,0.0010133924711795078,0.0,0.0010133924711795078,Maharashtra,Nagaland,0.0010133924711795078,0.004671661648899317,0.2984272837638855,False,False,1.58,3.79
Maharashtra,Manipur,0.0010099564860797448,0.0,0.0010099564860797448,Maharashtra,Manipur,0.0010099564860797448,0.0017623353051021695,0.26226675510406494,False,False,1.57,3.71
Himachal Pradesh,Uttar Pradesh,0.00036953770820906097,0.001370405792315674,-0.001000868084106613,Uttar Pradesh,Himachal Pradesh,0.001000868084106613,0.0008752654539421201,0.08916362375020981,False,False,1.94,2.81
Maharashtra,Sikkim,0.0010087197984028537,1.3604837798034158e-05,0.0009951149606048195,Maharashtra,Sikkim,0.0009951149606048195,0.007388757076114416,0.5430219769477844,False,False,1.55,3.11
Maharashtra,Tripura,0.0009959867428398863,6.605212466080787e-06,0.0009893815303738055,Maharashtra,Tripura,0.0009893815303738055,0.0019252055790275335,0.47051525115966797,False,False,1.54,2.84
Arunachal Pradesh,Uttar Pradesh,2.4036600962956558e-05,0.0010132386790823596,-0.000989202078119403,Uttar Pradesh,Arunachal Pradesh,0.000989202078119403,0.6877392530441284,0.10928568989038467,False,False,1.91,4.19
Andhra Pradesh,Uttar Pradesh,0.0003410747490098262,0.0013277872714160136,-0.0009867125224061874,Uttar Pradesh,Andhra Pradesh,0.0009867125224061874,0.0,0.10964219272136688,False,False,1.91,2.19
Gujarat,Kerala,0.0013899815909072684,0.00040391358814083984,0.0009860680027664287,Gujarat,Kerala,0.0009860680027664287,0.0009056125418283045,0.014039467088878155,False,False,1.56,1.67
Madhya Pradesh,Odisha,0.002035913704709017,0.0010525858632824956,0.0009833278414265215,Madhya Pradesh,Odisha,0.0009833278414265215,0.6652722358703613,0.04152759537100792,False,False,2.61,2.57
Goa,Telangana,8.613133677434942e-05,0.0010681746710259374,-0.000982043334251588,Telangana,Goa,0.000982043334251588,0.0,0.014323132112622261,False,False,2.5,1.88
Telangana,Uttar Pradesh,0.0005920233780887187,0.001551820261140057,-0.0009597968830513384,Uttar Pradesh,Telangana,0.0009597968830513384,0.0,0.10964219272136688,False,False,1.86,1.83
Madhya Pradesh,Tripura,0.0009625696564808655,8.677801750794647e-06,0.0009538918547300708,Madhya Pradesh,Tripura,0.0009538918547300708,0.6629460453987122,0.5405586957931519,False,False,2.53,2.74
Bihar,Haryana,0.0001182015050835315,0.0010695076027032117,-0.0009513060976196802,Haryana,Bihar,0.0009513060976196802,0.0,0.5861642360687256,False,False,2.02,2.11
Maharashtra,Meghalaya,0.0009917053874986795,5.142971668874128e-05,0.0009402756708099382,Maharashtra,Meghalaya,0.0009402756708099382,0.005046670790761709,0.08165451139211655,False,False,1.47,2.76
Jharkhand,Odisha,0.004988379069154399,0.005909679523077471,-0.0009213004539230726,Odisha,Jharkhand,0.0009213004539230726,0.8,0.0375627726316452,True,False,1.63,1.51
Kerala,Uttar Pradesh,0.00020426783639985473,0.0010893679985154905,-0.0008851001621156358,Uttar Pradesh,Kerala,0.0008851001621156358,0.0,0.10951007902622223,False,False,1.71,1.5
Karnataka,Uttar Pradesh,0.00017548065382215377,0.0010341755448623668,-0.0008586948910402131,Uttar Pradesh,Karnataka,0.0008586948910402131,0.0,0.10934250056743622,False,False,1.66,2.27
Andhra Pradesh,Telangana,0.015106011406276251,0.014247576339663906,0.0008584350666123453,Andhra Pradesh,Telangana,0.0008584350666123453,0.004101453814655542,0.014704744331538677,False,False,1.7,1.63
Tamil Nadu,West Bengal,0.0008572270162459765,5.452150411091092e-08,0.0008571724947418655,Tamil Nadu,West Bengal,0.0008571724947418655,0.0,0.013743992894887924,False,False,0.71,1.6
Madhya Pradesh,Sikkim,0.0008756609906223583,1.9112437249549277e-05,0.0008565485533728091,Madhya Pradesh,Sikkim,0.0008565485533728091,0.6574676632881165,0.5608693361282349,False,False,2.27,2.68
Chhattisgarh,Uttar Pradesh,0.001601854229233671,0.002453281740117128,-0.0008514275108834569,Uttar Pradesh,Chhattisgarh,0.0008514275108834569,0.007414623163640499,0.11046532541513443,False,False,1.65,2.36
Madhya Pradesh,Manipur,0.0008484081623973842,0.0,0.0008484081623973842,Madhya Pradesh,Manipur,0.0008484081623973842,0.6631689071655273,0.4143126606941223,False,False,2.25,3.12
Bihar,Telangana,0.0001621971108367304,0.0009994539620376318,-0.0008372568512009014,Telangana,Bihar,0.0008372568512009014,0.0,0.010758529417216778,False,False,2.13,1.86
Himachal Pradesh,Rajasthan,0.0003813177846875528,0.001199604200781827,-0.0008182864160942744,Rajasthan,Himachal Pradesh,0.0008182864160942744,0.01328867208212614,0.5703725218772888,False,False,3.26,2.3
Telangana,Assam,0.000812298004546233,0.0,0.000812298004546233,Telangana,Assam,0.000812298004546233,0.010400359518826008,0.5437546968460083,False,False,2.07,3.03
Madhya Pradesh,Nagaland,0.0008069674101667534,0.0,0.0008069674101667534,Madhya Pradesh,Nagaland,0.0008069674101667534,0.6663358807563782,0.29528847336769104,False,False,2.14,3.02
Madhya Pradesh,Tamil Nadu,0.0007853361359041042,0.0015755761879270125,-0.0007902400520229082,Tamil Nadu,Madhya Pradesh,0.0007902400520229082,0.6614879965782166,0.0,False,False,0.65,2.86
Madhya Pradesh,Mizoram,0.0007936663140436194,1.0627637734698287e-05,0.0007830386763089211,Madhya Pradesh,Mizoram,0.0007830386763089211,0.662975013256073,0.5541039109230042,False,False,2.08,3.01
Madhya Pradesh,Meghalaya,0.0009646739964655449,0.00018504782214897908,0.0007796261743165658,Madhya Pradesh,Meghalaya,0.0007796261743165658,0.6693862676620483,0.08443662524223328,False,False,2.07,2.29
Haryana,Jharkhand,0.000994698702053653,0.00021806447618549302,0.0007766342258681601,Haryana,Jharkhand,0.0007766342258681601,0.6465100049972534,0.09802106022834778,False,False,1.65,1.28
Assam,Uttar Pradesh,0.0004611906274445813,0.001226880432084199,-0.0007656898046396177,Uttar Pradesh,Assam,0.0007656898046396177,0.6734763383865356,0.10928568989038467,False,False,1.48,2.86
Madhya Pradesh,Maharashtra,0.0012990406166441123,0.0020590513896798068,-0.0007600107730356945,Maharashtra,Madhya Pradesh,0.0007600107730356945,0.6522759795188904,0.043748848140239716,False,False,1.18,2.75
Arunachal Pradesh,Telangana,2.263338058981123e-05,0.0007734864295084603,-0.000750853048918649,Telangana,Arunachal Pradesh,0.000750853048918649,0.6315227746963501,0.010400359518826008,False,False,1.91,3.18
Bihar,Punjab,0.00017672881629229073,0.0009272775477431313,-0.0007505487314508406,Punjab,Bihar,0.0007505487314508406,0.0,0.10169564932584763,False,False,1.81,1.66
Madhya Pradesh,Uttar Pradesh,0.0037590020041591396,0.0045022401546867446,-0.0007432381505276049,Uttar Pradesh,Madhya Pradesh,0.0007432381505276049,0.6620586514472961,0.10320429503917694,False,False,1.44,2.69
Madhya Pradesh,Assam,0.0007148847650599368,0.0,0.0007148847650599368,Madhya Pradesh,Assam,0.0007148847650599368,0.6123862862586975,0.6409629583358765,False,False,1.9,2.67
Punjab,Uttar Pradesh,0.0018099316233521105,0.0011032655359602358,0.0007066660873918747,Punjab,Uttar Pradesh,0.0007066660873918747,0.92,0.09823455661535263,True,False,1.71,2.69
Assam,Mizoram,0.0008776452742079753,0.00018972945194174095,0.0006879158222662344,Assam,Mizoram,0.0006879158222662344,0.21449065208435059,0.574090838432312,False,False,3.1,2.65
Telangana,Manipur,0.0006836585341656032,0.0,0.0006836585341656032,Telangana,Manipur,0.0006836585341656032,0.010666896589100361,0.5464053750038147,False,False,1.74,2.51
Telangana,Mizoram,0.0006836585341656032,0.0,0.0006836585341656032,Telangana,Mizoram,0.0006836585341656032,0.010666896589100361,0.4504747688770294,False,False,1.74,2.63
Telangana,Tripura,0.0006779731979341789,0.0,0.0006779731979341789,Telangana,Tripura,0.0006779731979341789,0.0,0.48687633872032166,False,False,1.73,1.95
Telangana,Nagaland,0.0006668844633983812,0.0,0.0006668844633983812,Telangana,Nagaland,0.0006668844633983812,0.010666896589100361,0.0,False,False,1.7,2.49
Sikkim,Telangana,8.727013568557258e-06,0.000671808567226769,-0.0006630815536582118,Telangana,Sikkim,0.0006630815536582118,0.12839177250862122,0.010666896589100361,False,False,1.69,2.07
Madhya Pradesh,Uttarakhand,0.000899765552644368,0.0002469629775741959,0.0006528025750701721,Madhya Pradesh,Uttarakhand,0.0006528025750701721,0.47969359159469604,0.0,False,False,1.73,2.38
Chhattisgarh,Delhi,0.00119569292603593,0.000544288879839306,0.000651404046196624,Chhattisgarh,Delhi,0.000651404046196624,0.012683931738138199,0.519672155380249,False,False,0.94,1.66
Meghalaya,Telangana,6.873059012304835e-06,0.0006490416547794684,-0.0006421685957671636,Telangana,Meghalaya,0.0006421685957671636,0.0,0.01080489344894886,False,False,1.64,1.89
Arunachal Pradesh,Madhya Pradesh,2.1939969302550972e-05,0.0006518027060491749,-0.0006298627367466239,Madhya Pradesh,Arunachal Pradesh,0.0006298627367466239,0.683598518371582,0.6122366786003113,False,False,1.67,2.67
Andhra Pradesh,Jharkhand,0.0006196185549244596,0.0,0.0006196185549244596,Andhra Pradesh,Jharkhand,0.0006196185549244596,0.0,0.08468614518642426,False,False,1.22,1.02
Bihar,West Bengal,0.004527434468770436,0.0051406660260433544,-0.0006132315572729185,West Bengal,Bihar,0.0006132315572729185,0.008863070048391819,0.05276210978627205,False,False,0.81,1.36
Bihar,Rajasthan,0.00019272493324702625,0.0007949074977483032,-0.0006021825645012769,Rajasthan,Bihar,0.0006021825645012769,0.0,0.568318247795105,False,False,2.4,1.33
Delhi,Uttar Pradesh,0.0024088581009249865,0.0029922788362274698,-0.0005834207353024833,Uttar Pradesh,Delhi,0.0005834207353024833,0.9,0.0915571078658104,True,False,1.13,1.49
Madhya Pradesh,Punjab,0.00046685814587299886,0.0010428691182911235,-0.0005760109724181246,Punjab,Madhya Pradesh,0.0005760109724181246,0.531101644039154,0.09980151802301407,False,False,1.39,2.08
Goa,Madhya Pradesh,3.29705761000162e-05,0.0005768317638508916,-0.0005438611877508754,Madhya Pradesh,Goa,0.0005438611877508754,0.0,0.6064677238464355,False,False,1.44,1.04
Odisha,Uttar Pradesh,0.0013535095075263917,0.0018965203491806228,-0.0005430108416542311,Uttar Pradesh,Odisha,0.0005430108416542311,0.006163101643323898,0.10939747840166092,False,False,1.05,1.42
Telangana,West Bengal,0.0011257714225483806,0.0005845347690825814,0.0005412366534657992,Telangana,West Bengal,0.0005412366534657992,0.0013361417222768068,0.020254183560609818,False,False,1.38,1.01
Punjab,Jharkhand,0.0005260523234428123,0.0,0.0005260523234428123,Punjab,Jharkhand,0.0005260523234428123,0.09956587105989456,0.004293043166399002,False,False,1.27,0.86
Delhi,Madhya Pradesh,0.0007364585065648835,0.0012490506040898862,-0.0005125920975250027,Madhya Pradesh,Delhi,0.0005125920975250027,0.6686816811561584,0.4369179904460907,False,False,1.36,1.31
Maharashtra,Rajasthan,0.0012482205291770286,0.0007387782874153712,0.0005094422417616574,Maharashtra,Rajasthan,0.0005094422417616574,0.008504694327712059,0.5672721862792969,False,False,0.79,3.37
Andhra Pradesh,Chhattisgarh,0.0015614164199167263,0.002067056875469685,-0.0005056404555529585,Chhattisgarh,Andhra Pradesh,0.0005056404555529585,0.0,0.030166558921337128,False,False,0.73,1.12
Haryana,Sikkim,0.000510921493584425,1.4402857551359302e-05,0.0004965186360330657,Haryana,Sikkim,0.0004965186360330657,0.6365992426872253,0.6426529884338379,False,False,1.05,1.55
Andhra Pradesh,Madhya Pradesh,0.0009804534105240805,0.0014745731977647083,-0.0004941197872406278,Madhya Pradesh,Andhra Pradesh,0.0004941197872406278,0.003926862962543964,0.6135866641998291,False,False,1.31,1.1
Jharkhand,Rajasthan,0.00015857889483732242,0.0006502713990481475,-0.0004916925042108251,Rajasthan,Jharkhand,0.0004916925042108251,0.008423474617302418,0.5679660439491272,False,False,1.96,0.81
Karnataka,Telangana,0.00157291725480303,0.0010920953661626499,0.00048082188864038023,Karnataka,Telangana,0.00048082188864038023,0.0,0.009875521063804626,False,False,1.03,0.92
Delhi,Maharashtra,0.00033237991379637754,0.0008124109798402561,-0.00048003106604387855,Maharashtra,Delhi,0.00048003106604387855,0.6615877747535706,0.02812342345714569,False,False,0.75,1.22
Rajasthan,Manipur,0.00046132895708062374,0.0,0.00046132895708062374,Rajasthan,Manipur,0.00046132895708062374,0.564459502696991,0.6824800968170166,False,False,1.84,1.7
Rajasthan,Nagaland,0.00046132895708062374,0.0,0.00046132895708062374,Rajasthan,Nagaland,0.00046132895708062374,0.5659943222999573,0.023485366255044937,False,False,1.84,1.72
Arunachal Pradesh,Haryana,3.063724338637847e-05,0.0004785292918127151,-0.00044789204842633664,Haryana,Arunachal Pradesh,0.00044789204842633664,0.6769644618034363,0.5861889719963074,False,False,0.95,1.9
Rajasthan,West Bengal,0.0006382468500389419,0.0001949688453114095,0.00044327800472753235,Rajasthan,West Bengal,0.00044327800472753235,0.6455336809158325,0.028100691735744476,False,False,1.77,0.83
Odisha,Rajasthan,0.00014902761945307259,0.0005898038386153037,-0.0004407762191622311,Rajasthan,Odisha,0.0004407762191622311,0.0013506257673725486,0.5672721862792969,False,False,1.76,1.15
Rajasthan,Mizoram,0.0004403315265938635,0.0,0.0004403315265938635,Rajasthan,Mizoram,0.0004403315265938635,0.5639155507087708,0.7229434251785278,False,False,1.76,1.69
Rajasthan,Sikkim,0.0004531364543194548,1.2826310496801908e-05,0.0004403101438226529,Rajasthan,Sikkim,0.0004403101438226529,0.6438987255096436,0.5601267218589783,False,False,1.76,1.38
Meghalaya,Nagaland,0.000521807312336135,8.537095217115871e-05,0.0004364363601649763,Meghalaya,Nagaland,0.0004364363601649763,0.0,0.32612356543540955,False,False,6.45,1.63
Punjab,Nagaland,0.00043164293979902255,0.0,0.00043164293979902255,Punjab,Nagaland,0.00043164293979902255,0.10069955885410309,0.031288161873817444,False,False,1.04,1.61
Uttarakhand,West Bengal,0.00015705396817268185,0.0005880144641026306,-0.00043096049592994867,West Bengal,Uttarakhand,0.00043096049592994867,0.0,0.042861223220825195,False,False,0.57,1.57
Punjab,Sikkim,0.0004397260587280754,1.2128501675527419e-05,0.00042759755705254796,Punjab,Sikkim,0.00042759755705254796,0.008275705389678478,0.6426529884338379,False,False,1.03,1.34
Arunachal Pradesh,Rajasthan,3.8037244712273545e-05,0.00046132895708062374,-0.0004232917123683502,Rajasthan,Arunachal Pradesh,0.0004232917123683502,0.6937306523323059,0.5662696361541748,False,False,1.69,1.79
Rajasthan,Tripura,0.0004256592991721795,6.82357562197349e-06,0.000418835723550206,Rajasthan,Tripura,0.000418835723550206,0.6391225457191467,0.5392047166824341,False,False,1.67,1.2
Mizoram,Punjab,1.681365945595218e-05,0.00043164293979902255,-0.0004148292803430704,Punjab,Mizoram,0.0004148292803430704,0.6984071731567383,0.1016542986035347,False,False,1.0,1.6
Andhra Pradesh,Odisha,0.0009586297928745287,0.0005469659533818283,0.00041166383949270044,Andhra Pradesh,Odisha,0.00041166383949270044,0.0,0.01737525314092636,False,False,0.81,1.08
Manipur,Punjab,1.8984924230220346e-06,0.0004001993056009307,-0.00039830081317790867,Punjab,Manipur,0.00039830081317790867,0.6863954067230225,0.10160951316356659,False,False,0.96,1.47
Meghalaya,Rajasthan,6.335951979313264e-05,0.00046132895708062374,-0.0003979694372874911,Rajasthan,Meghalaya,0.0003979694372874911,0.020719779655337334,0.564459502696991,False,False,1.59,1.17
Bihar,Uttarakhand,0.0006783360928601347,0.0002926965425565865,0.0003856395503035482,Bihar,Uttarakhand,0.0003856395503035482,0.0031400942243635654,0.0,False,False,0.96,1.4
Arunachal Pradesh,Punjab,3.0206231408278653e-05,0.00040606475550051635,-0.00037585852409223767,Punjab,Arunachal Pradesh,0.00037585852409223767,0.6913748979568481,0.10073049366474152,False,False,0.91,1.59
Madhya Pradesh,Rajasthan,0.0010757802390042655,0.0014489375676163645,-0.00037315732861209895,Rajasthan,Madhya Pradesh,0.00037315732861209895,0.5566145181655884,0.5672721862792969,False,False,1.49,1.35
Manipur,Nagaland,0.0007801431981508423,0.0004135050497596101,0.00036663814839123216,Manipur,Nagaland,0.00036663814839123216,0.6436439752578735,0.11000051349401474,False,False,13.21,1.37
Maharashtra,Uttarakhand,0.00046030365153443693,0.00010548739927320939,0.0003548162522612275,Maharashtra,Uttarakhand,0.0003548162522612275,0.0,0.0,False,False,0.55,1.29
Manipur,Tripura,0.00028994117191709487,0.0006395739990407865,-0.0003496328271236916,Tripura,Manipur,0.0003496328271236916,0.5938358306884766,0.528510332107544,False,False,10.91,1.29
Karnataka,Odisha,0.00046138801697102096,0.00011649295901254458,0.00034489505795847635,Karnataka,Odisha,0.00034489505795847635,0.0,0.03400559350848198,False,False,0.74,0.9
Haryana,Manipur,0.0003428485395849335,0.0,0.0003428485395849335,Haryana,Manipur,0.0003428485395849335,0.6450840830802917,0.5324661731719971,False,False,0.73,1.26
Haryana,West Bengal,0.0005721643823431321,0.00023107666073571482,0.0003410877216074173,Haryana,West Bengal,0.0003410877216074173,0.6419292688369751,0.03652045130729675,False,False,0.72,0.64
Chhattisgarh,Punjab,5.5811503976701576e-05,0.0003949733489341875,-0.0003391618449574859,Punjab,Chhattisgarh,0.0003391618449574859,0.0,0.09958727657794952,False,False,0.82,0.94
Haryana,Odisha,0.0003324292077639484,0.0,0.0003324292077639484,Haryana,Odisha,0.0003324292077639484,0.639272928237915,0.041359517723321915,False,False,0.7,0.87
Arunachal Pradesh,Meghalaya,0.00020419426448646064,0.0005359610632001209,-0.00033176679871366025,Meghalaya,Arunachal Pradesh,0.00033176679871366025,0.6135136485099792,0.015163476578891277,False,False,4.9,1.41
Chhattisgarh,Rajasthan,0.00031858519106831343,0.0006478178997966424,-0.000329232708728329,Rajasthan,Chhattisgarh,0.000329232708728329,0.001563678844831884,0.5672721862792969,False,False,1.31,0.91
Manipur,Meghalaya,0.00021954266437478908,0.0005477380362296574,-0.0003281953718548683,Meghalaya,Manipur,0.0003281953718548683,0.6669301390647888,0.0,False,False,4.85,1.21
Andhra Pradesh,Sikkim,0.00032946445131783615,4.284070924140024e-06,0.00032518038039369614,Andhra Pradesh,Sikkim,0.00032518038039369614,0.0,0.49704501032829285,False,False,0.64,1.02
Haryana,Nagaland,0.00032353888400598994,0.0,0.00032353888400598994,Haryana,Nagaland,0.00032353888400598994,0.6427439451217651,0.5902631878852844,False,False,0.69,1.21
Andhra Pradesh,Delhi,0.0004925191355622255,0.00017125068768414502,0.0003212684478780804,Andhra Pradesh,Delhi,0.0003212684478780804,0.0032522582914680243,0.5175840258598328,False,False,0.63,0.82
Meghalaya,Sikkim,0.00045594975395470426,0.00013765672240153564,0.0003182930315531686,Meghalaya,Sikkim,0.0003182930315531686,0.009086895734071732,0.5022064447402954,False,False,4.7,0.99
Delhi,Jharkhand,0.0005183548542638676,0.0002075792427762926,0.000310775611487575,Delhi,Jharkhand,0.000310775611487575,0.6554619073867798,0.09802106022834778,False,False,1.7,0.51
Goa,West Bengal,1.323451632288079e-05,0.0003234770248748253,-0.0003102425085519445,West Bengal,Goa,0.0003102425085519445,0.0,0.024318890646100044,False,False,0.41,0.59
Meghalaya,Tripura,0.0009394860048615452,0.0006306539830168997,0.00030883202184464555,Meghalaya,Tripura,0.00030883202184464555,0.0,0.5534071922302246,False,False,4.56,0.89
Chhattisgarh,Haryana,0.0003018008562667738,0.0006104000324207281,-0.0003085991761539543,Haryana,Chhattisgarh,0.0003085991761539543,0.0,0.5861642360687256,False,False,0.65,0.86
Rajasthan,Telangana,0.0005676741131774593,0.0002610736900836407,0.0003066004230938186,Rajasthan,Telangana,0.0003066004230938186,0.6406851410865784,0.008611359633505344,False,False,1.22,0.58
Punjab,Rajasthan,0.001037868419117207,0.0013437104154560059,-0.00030584199633879885,Rajasthan,Punjab,0.00030584199633879885,0.009221052750945091,0.5693272948265076,False,False,1.22,1.82
Andhra Pradesh,Bihar,0.00030557983820457595,0.0,0.00030557983820457595,Andhra Pradesh,Bihar,0.00030557983820457595,0.0,0.0,False,False,0.6,0.68
Haryana,Tripura,0.00030416436201759504,1.7018166302196072e-06,0.00030246254538737543,Haryana,Tripura,0.00030246254538737543,0.6433212757110596,0.5479257702827454,False,False,0.64,0.87
Meghalaya,Punjab,0.00010033815196256672,0.0004001993056009307,-0.000299861153638364,Punjab,Meghalaya,0.000299861153638364,0.015012664720416069,0.10160951316356659,False,False,0.72,0.88
Andhra Pradesh,Nagaland,0.00028988089991298236,0.0,0.00028988089991298236,Andhra Pradesh,Nagaland,0.00028988089991298236,0.0,0.23705394566059113,False,False,0.57,1.08
Chhattisgarh,Kerala,0.0006684924787577563,0.000381050350398109,0.00028744212835964735,Chhattisgarh,Kerala,0.00028744212835964735,0.0,0.0024912653025239706,False,False,0.42,0.49
Rajasthan,Uttar Pradesh,0.0013817865015865933,0.001096455078894538,0.0002853314226920554,Rajasthan,Uttar Pradesh,0.0002853314226920554,0.6526016592979431,0.09891021251678467,False,False,1.14,1.08
Assam,Haryana,0.000340178974336415,0.0006211367416078752,-0.00028095776727146015,Haryana,Assam,0.00028095776727146015,0.6658182144165039,0.5861889719963074,False,False,0.6,1.05
Himachal Pradesh,Madhya Pradesh,0.00022022257914352804,0.0004998076552842315,-0.0002795850761407035,Madhya Pradesh,Himachal Pradesh,0.0002795850761407035,0.00030687186517752707,0.5058879256248474,False,False,0.74,0.78
Chhattisgarh,Goa,0.00030277917115557206,2.6102050322948372e-05,0.0002766771208326237,Chhattisgarh,Goa,0.0002766771208326237,0.0005565313040278852,0.0007661522249691188,False,False,0.4,0.53
Kerala,Jharkhand,0.00027356485750155177,0.0,0.00027356485750155177,Kerala,Jharkhand,0.00027356485750155177,0.00038440589560195804,0.021296679973602295,False,False,1.18,0.45
Kerala,Bihar,0.00027356485750155177,0.0,0.00027356485750155177,Kerala,Bihar,0.00027356485750155177,0.001887089223600924,0.0,False,False,1.18,0.61
Andhra Pradesh,Manipur,0.0002730089466559658,0.0,0.0002730089466559658,Andhra Pradesh,Manipur,0.0002730089466559658,0.0,0.1601468324661255,False,False,0.54,1.0
Andhra Pradesh,Mizoram,0.00028008748524041446,1.0798008429575794e-05,0.00026928947681083867,Andhra Pradesh,Mizoram,0.00026928947681083867,0.0,0.17115066945552826,False,False,0.53,1.04
Karnataka,Jharkhand,0.0002689915857027426,0.0,0.0002689915857027426,Karnataka,Jharkhand,0.0002689915857027426,0.0,0.0,False,False,0.58,0.44
Kerala,Madhya Pradesh,0.00019256847070147942,0.0004615206521440261,-0.0002689521814425467,Madhya Pradesh,Kerala,0.0002689521814425467,0.0,0.6112038493156433,False,False,0.71,0.46
Punjab,West Bengal,0.00045094075178450833,0.0001831321197680597,0.00026780863201644864,Punjab,West Bengal,0.00026780863201644864,0.009727072902023792,0.03625652939081192,False,False,0.65,0.5
Himachal Pradesh,Maharashtra,8.381914033797589e-05,0.00034798534194006365,-0.00026416620160208776,Maharashtra,Himachal Pradesh,0.00026416620160208776,0.0018942342139780521,0.02721369080245495,False,False,0.41,0.74
Karnataka,Sikkim,0.00027039971175657376,9.165478627741357e-06,0.00026123423312883243,Karnataka,Sikkim,0.00026123423312883243,0.0,0.499051958322525,False,False,0.56,0.82
Andhra Pradesh,Tripura,0.0002549358585529428,3.914799598133736e-07,0.00025454437859312944,Andhra Pradesh,Tripura,0.00025454437859312944,0.0,0.24814024567604065,False,False,0.5,0.73
Andhra Pradesh,Haryana,0.0005373787387154337,0.00028440911243998674,0.00025296962627544694,Andhra Pradesh,Haryana,0.00025296962627544694,0.0007437883177772164,0.5853973627090454,False,False,0.5,0.9
Haryana,Mizoram,0.0002778971907346689,2.7977729551280034e-05,0.0002499194611833888,Haryana,Mizoram,0.0002499194611833888,0.638507068157196,0.7030152082443237,False,False,0.53,0.96
Haryana,Madhya Pradesh,0.0011903725769592654,0.0009410011437810678,0.0002493714331781976,Haryana,Madhya Pradesh,0.0002493714331781976,0.641227126121521,0.38577139377593994,False,False,0.53,0.9
Punjab,Tripura,0.0002536194225544329,4.820244113714172e-06,0.00024879917844071876,Punjab,Tripura,0.00024879917844071876,0.011183285154402256,0.5523673892021179,False,False,0.6,0.71
Assam,Himachal Pradesh,0.00038914803674667544,0.0001414894041290402,0.00024765863261763524,Assam,Himachal Pradesh,0.00024765863261763524,0.6713665723800659,0.03715989366173744,False,False,1.12,0.7
Arunachal Pradesh,Karnataka,1.5821095163592985e-05,0.00026304960888769017,-0.00024722851372409717,Karnataka,Arunachal Pradesh,0.00024722851372409717,0.607161819934845,0.0,False,False,0.53,1.05
Odisha,Punjab,0.00010704694774809049,0.00035108012536975633,-0.00024403317762166586,Punjab,Odisha,0.00024403317762166586,0.001740628620609641,0.09958727657794952,False,False,0.59,0.64
Kerala,Assam,0.00024221956837132622,0.0,0.00024221956837132622,Kerala,Assam,0.00024221956837132622,0.001432587276212871,0.36101555824279785,False,False,1.05,0.9
Maharashtra,Punjab,0.00047107644923359343,0.0002332354934998257,0.00023784095573376772,Maharashtra,Punjab,0.00023784095573376772,0.008702833205461502,0.10054188966751099,False,False,0.37,1.42
Kerala,Sikkim,0.00023812821975749868,3.994314893794843e-06,0.00023413390486370383,Kerala,Sikkim,0.00023413390486370383,0.0,0.554858922958374,False,False,1.01,0.73
Delhi,Sikkim,0.0002600145197790974,2.7224020723093467e-05,0.00023279049905600393,Delhi,Sikkim,0.00023279049905600393,0.6570577025413513,0.6467828750610352,False,False,1.27,0.73
Mizoram,Tripura,0.0004780684631058855,0.0007074291370122762,-0.00022936067390639067,Tripura,Mizoram,0.00022936067390639067,0.6451799273490906,0.5097260475158691,False,False,7.16,0.88
Haryana,Kerala,0.00019706341030014646,0.00041994748080719294,-0.00022288407050704648,Kerala,Haryana,0.00022288407050704648,0.6451268792152405,0.01041500922292471,False,False,0.96,0.79
Karnataka,Bihar,0.00022167499165924302,0.0,0.00022167499165924302,Karnataka,Bihar,0.00022167499165924302,0.0,0.0,False,False,0.47,0.49
Chhattisgarh,Uttarakhand,0.00036943305735054354,0.00014795092303939296,0.00022148213431115059,Chhattisgarh,Uttarakhand,0.00022148213431115059,0.009362196549773216,0.0,False,False,0.32,0.81
Goa,Rajasthan,2.8341056639784915e-05,0.0002473296102786579,-0.000218988553638873,Rajasthan,Goa,0.000218988553638873,0.0,0.5678780674934387,False,False,0.87,0.42
Karnataka,Assam,0.0002093758568266635,0.0,0.0002093758568266635,Karnataka,Assam,0.0002093758568266635,0.0,0.5777290463447571,False,False,0.45,0.78
Andhra Pradesh,Meghalaya,0.00023217335071873461,2.3057064548300817e-05,0.0002091162861704338,Andhra Pradesh,Meghalaya,0.0002091162861704338,0.0,0.0,False,False,0.41,0.61
Delhi,Manipur,0.00020365262798468532,0.0,0.00020365262798468532,Delhi,Manipur,0.00020365262798468532,0.651128351688385,0.5279214978218079,False,False,1.11,0.75
Haryana,Karnataka,5.1491886134643106e-05,0.0002478683443290662,-0.00019637645819442305,Karnataka,Haryana,0.00019637645819442305,0.6409010291099548,0.0,False,False,0.42,0.7
Haryana,Maharashtra,0.0005053386974970047,0.0006972590392513802,-0.0001919203417543755,Maharashtra,Haryana,0.0001919203417543755,0.6468992233276367,0.027941390872001648,False,False,0.3,0.68
Himachal Pradesh,Kerala,4.080238868534962e-05,0.00023046131037759293,-0.0001896589216922433,Kerala,Himachal Pradesh,0.0001896589216922433,0.0050740628503263,0.0015045907348394394,False,False,0.82,0.53
Karnataka,Nagaland,0.00018855158364887247,0.0,0.00018855158364887247,Karnataka,Nagaland,0.00018855158364887247,0.0,0.28297823667526245,False,False,0.4,0.7
Assam,Punjab,0.00026726095612373554,0.00045579713509486365,-0.00018853617897112812,Punjab,Assam,0.00018853617897112812,0.6680669784545898,0.10073049366474152,False,False,0.46,0.7
Delhi,Kerala,0.00013969749794857285,0.0003278496862169139,-0.00018815218826834107,Kerala,Delhi,0.00018815218826834107,0.6526938080787659,0.0015045907348394394,False,False,0.81,0.48
Goa,Haryana,6.1198232775199206e-06,0.00019345196965788776,-0.00018733214638036783,Haryana,Goa,0.00018733214638036783,0.0,0.5865299105644226,False,False,0.4,0.36
Kerala,Tripura,0.0001928702862110741,6.225612593501899e-06,0.0001866446736175722,Kerala,Tripura,0.0001866446736175722,0.0,0.1361168920993805,False,False,0.81,0.54
Assam,Uttarakhand,0.00032026478630246586,0.00013419420647757933,0.00018607057982488652,Assam,Uttarakhand,0.00018607057982488652,0.6622380614280701,0.0,False,False,0.84,0.68
Arunachal Pradesh,Kerala,2.8401918058223316e-05,0.0002141362880615572,-0.00018573437000333386,Kerala,Arunachal Pradesh,0.00018573437000333386,0.6095700263977051,0.0013840822502970695,False,False,0.8,0.79
Karnataka,Manipur,0.00018478358967798572,0.0,0.00018478358967798572,Karnataka,Manipur,0.00018478358967798572,0.0,0.14816167950630188,False,False,0.4,0.68
Himachal Pradesh,Karnataka,3.0841206879443947e-05,0.00021274320425998378,-0.00018190199738053983,Karnataka,Himachal Pradesh,0.00018190199738053983,0.0,0.0,False,False,0.39,0.51
Nagaland,Tripura,0.000118289458923598,0.000299000758654987,-0.00018071129973138897,Tripura,Nagaland,0.00018071129973138897,0.0,0.5281092524528503,False,False,5.64,0.68
Andhra Pradesh,Himachal Pradesh,0.00030755306178238863,0.00012856624866954854,0.0001789868131128401,Andhra Pradesh,Himachal Pradesh,0.0001789868131128401,0.003386089578270912,0.037921417504549026,False,False,0.35,0.5
Himachal Pradesh,Meghalaya,6.3011523710795e-05,0.0002360867481279333,-0.0001730752244171383,Meghalaya,Himachal Pradesh,0.0001730752244171383,0.0008936910890042782,0.06483642011880875,False,False,2.56,0.49
Assam,Rajasthan,0.00029175938937467806,0.00046132895708062374,-0.00016956956770594568,Rajasthan,Assam,0.00016956956770594568,0.6743741631507874,0.5659943222999573,False,False,0.68,0.63
Karnataka,Mizoram,0.00017717638616567363,9.750052029647707e-06,0.00016742633413602593,Karnataka,Mizoram,0.00016742633413602593,0.0,0.2017163187265396,False,False,0.36,0.64
Mizoram,Nagaland,0.00023020950403558445,6.390629388388569e-05,0.00016630321015169875,Mizoram,Nagaland,0.00016630321015169875,0.6136953830718994,0.1262618601322174,False,False,8.49,0.62
Arunachal Pradesh,Delhi,3.1390154871157466e-05,0.00019620293183748248,-0.000164812776966325,Delhi,Arunachal Pradesh,0.000164812776966325,0.6811416149139404,0.5182103514671326,False,False,0.9,0.7
Arunachal Pradesh,Manipur,0.00015005338762766015,0.000312907732470187,-0.00016285434484252686,Manipur,Arunachal Pradesh,0.00016285434484252686,0.6355577707290649,0.5889072418212891,False,False,5.87,0.69
Delhi,Tripura,0.00016605761086409637,3.6700820849454176e-06,0.00016238752877915095,Delhi,Tripura,0.00016238752877915095,0.6544821858406067,0.5517281293869019,False,False,0.89,0.47
Haryana,Telangana,0.0003273380845575166,0.00016758772738057102,0.00015975035717694555,Haryana,Telangana,0.00015975035717694555,0.6445448398590088,0.006945798639208078,False,False,0.34,0.3
Karnataka,Tripura,0.0001597707390620001,2.2226489054729256e-07,0.0001595484741714528,Karnataka,Tripura,0.0001595484741714528,0.0,0.47851091623306274,False,False,0.34,0.46
Telangana,Uttarakhand,0.00025743858328474746,0.00010171974362863312,0.00015571883965611433,Telangana,Uttarakhand,0.00015571883965611433,0.008844840340316296,0.0,False,False,0.4,0.57
Bihar,Delhi,0.0005129199984488746,0.0006676948198828653,-0.0001547748214339907,Delhi,Bihar,0.0001547748214339907,0.0,0.5201964974403381,False,False,0.85,0.34
Assam,Delhi,0.0003931669685889444,0.00024136299797229363,0.0001518039706166508,Assam,Delhi,0.0001518039706166508,0.6690396070480347,0.519248366355896,False,False,0.68,0.39
Maharashtra,Uttar Pradesh,0.0010416950219313398,0.000892048090076871,0.00014964693185446883,Maharashtra,Uttar Pradesh,0.00014964693185446883,0.0,0.10453670471906662,False,False,0.23,0.57
Delhi,Karnataka,0.0001390543694830231,0.00028831092081088296,-0.00014925655132785987,Karnataka,Delhi,0.00014925655132785987,0.6544907689094543,0.0,False,False,0.32,0.38
Karnataka,West Bengal,0.0003044419764148748,0.00016281482107411715,0.00014162715534075766,Karnataka,West Bengal,0.00014162715534075766,0.0,0.0213156845420599,False,False,0.3,0.26
Arunachal Pradesh,Nagaland,0.00034457244046480717,0.0004814789687715108,-0.00013690652830670362,Nagaland,Arunachal Pradesh,0.00013690652830670362,0.5915242433547974,0.5773223042488098,False,False,8.01,0.58
Kerala,Nagaland,0.00012798874647112682,0.0,0.00012798874647112682,Kerala,Nagaland,0.00012798874647112682,0.005843140184879303,0.20309802889823914,False,False,0.55,0.48
Delhi,Mizoram,0.0001596039340877885,3.1903814519501e-05,0.0001277001195682875,Delhi,Mizoram,0.0001277001195682875,0.6461995244026184,0.6995933651924133,False,False,0.7,0.49
Tripura,Uttarakhand,9.848360330543172e-08,0.00012465159252602066,-0.00012455310892271523,Uttarakhand,Tripura,0.00012455310892271523,0.6277740597724915,0.0,False,False,1.76,0.36
Uttarakhand,Manipur,0.00012422229441298916,0.0,0.00012422229441298916,Uttarakhand,Manipur,0.00012422229441298916,0.0,0.6843035221099854,False,False,1.75,0.46
Sikkim,Uttarakhand,6.836853848606172e-05,0.00019088727137353675,-0.00012251873288747503,Uttarakhand,Sikkim,0.00012251873288747503,0.7048196792602539,0.0,False,False,1.73,0.38
Himachal Pradesh,West Bengal,9.126726816560855e-05,0.00021204654025364024,-0.00012077927208803169,West Bengal,Himachal Pradesh,0.00012077927208803169,0.0,0.03625652939081192,False,False,0.16,0.34
Delhi,Nagaland,0.0001196410616743272,0.0,0.0001196410616743272,Delhi,Nagaland,0.0001196410616743272,0.6502262949943542,0.5923595428466797,False,False,0.65,0.45
Goa,Punjab,4.4825939774708535e-06,0.00012312959953361972,-0.00011864700555614887,Punjab,Goa,0.00011864700555614887,0.0,0.09952452033758163,False,False,0.29,0.23
Karnataka,Madhya Pradesh,0.00040643797984316266,0.0005201620778258198,-0.00011372409798265714,Madhya Pradesh,Karnataka,0.00011372409798265714,0.0,0.6115187406539917,False,False,0.3,0.3
Andhra Pradesh,Arunachal Pradesh,0.0001584691013441632,5.110260889393694e-05,0.00010736649245022627,Andhra Pradesh,Arunachal Pradesh,0.00010736649245022627,0.0,0.4350965619087219,False,False,0.21,0.46
Odisha,Telangana,0.001989880974568593,0.0020968916270799167,-0.00010701065251132388,Telangana,Odisha,0.00010701065251132388,0.0,0.010875735431909561,False,False,0.27,0.28
Jharkhand,Uttarakhand,0.0002601113717315698,0.00015375892002198168,0.0001063524517095881,Jharkhand,Uttarakhand,0.0001063524517095881,0.037257079035043716,0.0,False,False,0.2,0.39
Karnataka,Meghalaya,0.00014130414717026073,3.5755396206902043e-05,0.00010554875096335869,Karnataka,Meghalaya,0.00010554875096335869,0.0,0.02215796709060669,False,False,0.23,0.31
Delhi,Odisha,0.00032352257185262967,0.00042837195119098913,-0.00010484937933835946,Odisha,Delhi,0.00010484937933835946,0.6515109539031982,0.04324860870838165,False,False,0.19,0.27
Uttarakhand,Nagaland,0.00010327757269241596,0.0,0.00010327757269241596,Uttarakhand,Nagaland,0.00010327757269241596,0.0,0.02038271352648735,False,False,1.46,0.39
Andhra Pradesh,Assam,0.00011224861054241274,1.236453564623746e-05,9.988407489617529e-05,Andhra Pradesh,Assam,9.988407489617529e-05,0.0,0.3341694474220276,False,False,0.2,0.37
Kerala,Meghalaya,0.00011310790611562096,1.602070716198796e-05,9.7087198953633e-05,Kerala,Meghalaya,9.7087198953633e-05,0.0,0.0,False,False,0.42,0.29
Kerala,Manipur,9.69055235527753e-05,0.0,9.69055235527753e-05,Kerala,Manipur,9.69055235527753e-05,0.0004095538752153516,0.14092621207237244,False,False,0.42,0.36
Tamil Nadu,Uttar Pradesh,0.0010714502584098866,0.0011673890472354682,-9.593878882558152e-05,Uttar Pradesh,Tamil Nadu,9.593878882558152e-05,0.0,0.11051733791828156,False,False,0.19,0.34
Mizoram,Uttarakhand,2.217447901615125e-05,0.00011778277310058272,-9.560829408443146e-05,Uttarakhand,Mizoram,9.560829408443146e-05,0.6976206302642822,0.0,False,False,1.35,0.37
Arunachal Pradesh,Himachal Pradesh,2.9582934897943592e-05,0.00011884906196282758,-8.926612706488399e-05,Himachal Pradesh,Arunachal Pradesh,8.926612706488399e-05,0.6838639378547668,0.03090299665927887,False,False,0.77,0.38
Karnataka,Punjab,0.00026248048457502956,0.00017363886426739574,8.884162030763383e-05,Karnataka,Punjab,8.884162030763383e-05,0.003333383472636342,0.09958727657794952,False,False,0.19,0.53
Andhra Pradesh,Rajasthan,0.0002592135922733526,0.00034756086935920844,-8.834727708585585e-05,Rajasthan,Andhra Pradesh,8.834727708585585e-05,0.000935974414460361,0.5628191828727722,False,False,0.35,0.2
Kerala,Mizoram,9.839263655583107e-05,1.1261743643531008e-05,8.713089291230006e-05,Kerala,Mizoram,8.713089291230006e-05,0.00045414065243676305,0.10276980698108673,False,False,0.38,0.34
Arunachal Pradesh,Uttarakhand,2.3861919817360744e-05,0.00011040298608954252,-8.654106627218178e-05,Uttarakhand,Arunachal Pradesh,8.654106627218178e-05,0.687584638595581,0.0,False,False,1.22,0.37
Goa,Himachal Pradesh,1.9639894422985633e-05,0.0001061630302390991,-8.652313581611347e-05,Himachal Pradesh,Goa,8.652313581611347e-05,0.0,0.04031151533126831,False,False,0.75,0.17
Kerala,Telangana,0.0010869217261560357,0.0011702129503946472,-8.32912242386115e-05,Telangana,Kerala,8.32912242386115e-05,0.0,0.009941850788891315,False,False,0.21,0.14
Bihar,Himachal Pradesh,0.00013058068286434654,0.00021281222442400097,-8.223154155965443e-05,Himachal Pradesh,Bihar,8.223154155965443e-05,0.0,0.04001941159367561,False,False,0.71,0.18
Kerala,Uttarakhand,8.872990458169465e-06,8.886242701858448e-05,-7.998943656041501e-05,Uttarakhand,Kerala,7.998943656041501e-05,0.0,0.0,False,False,1.13,0.14
Chhattisgarh,Himachal Pradesh,9.158664099747378e-05,0.00016902530187237473,-7.743866087490095e-05,Himachal Pradesh,Chhattisgarh,7.743866087490095e-05,0.0,0.0385342612862587,False,False,0.67,0.21
Punjab,Telangana,0.00017969054572049452,0.00010423291509017807,7.545763063031645e-05,Punjab,Telangana,7.545763063031645e-05,0.018543027341365814,0.006945798639208078,False,False,0.18,0.14
Sikkim,Tripura,2.8506148270794305e-05,0.00010376691065420253,-7.526076238340823e-05,Tripura,Sikkim,7.526076238340823e-05,0.0,0.5748477578163147,False,False,2.35,0.24
Andhra Pradesh,West Bengal,0.0005548534636553576,0.00048172235261896963,7.313111103638797e-05,Andhra Pradesh,West Bengal,7.313111103638797e-05,0.0,0.015294937416911125,False,False,0.14,0.14
Andhra Pradesh,Uttarakhand,0.0001680815051822396,9.650384412006533e-05,7.157766106217426e-05,Andhra Pradesh,Uttarakhand,7.157766106217426e-05,0.0,0.0,False,False,0.14,0.26
Goa,Uttarakhand,1.1068642682278245e-05,7.94228612358261e-05,-6.835421855354786e-05,Uttarakhand,Goa,6.835421855354786e-05,0.0012878496199846268,0.0,False,False,0.96,0.13
Meghalaya,Uttarakhand,9.325453623981428e-05,0.00015805186393959682,-6.479732769978254e-05,Uttarakhand,Meghalaya,6.479732769978254e-05,0.014180531725287437,0.0,False,False,0.91,0.19
Himachal Pradesh,Sikkim,8.149307981507092e-05,1.9692157074996917e-05,6.1800922740074e-05,Himachal Pradesh,Sikkim,6.1800922740074e-05,0.0010537350317463279,0.641689121723175,False,False,0.54,0.19
Manipur,Mizoram,0.0004391927174460518,0.00037810850398381854,6.108421346223328e-05,Manipur,Mizoram,6.108421346223328e-05,0.42898663878440857,0.5712776780128479,False,False,2.2,0.23
Himachal Pradesh,Jharkhand,0.00015028748516181129,9.16389195246249e-05,5.864856563718638e-05,Himachal Pradesh,Jharkhand,5.864856563718638e-05,0.0003327059675939381,0.1011975035071373,False,False,0.51,0.1
Kerala,West Bengal,0.00018445478131634628,0.00012961305142639577,5.484172988995051e-05,Kerala,West Bengal,5.484172988995051e-05,0.0,0.015372896566987038,False,False,0.24,0.1
Himachal Pradesh,Tripura,5.4892054157805826e-05,2.030147667138233e-06,5.286190649066759e-05,Himachal Pradesh,Tripura,5.286190649066759e-05,0.001465299865230918,0.5834206938743591,False,False,0.46,0.15
Kerala,Odisha,4.894897138782342e-05,0.0,4.894897138782342e-05,Kerala,Odisha,4.894897138782342e-05,0.0,0.01691412925720215,False,False,0.21,0.13
Arunachal Pradesh,Tripura,8.250535112488844e-05,0.00012996056077018767,-4.7455209645299234e-05,Tripura,Arunachal Pradesh,4.7455209645299234e-05,0.6325060129165649,0.5314372777938843,False,False,1.48,0.2
Himachal Pradesh,Odisha,4.553246392131478e-05,0.0,4.553246392131478e-05,Himachal Pradesh,Odisha,4.553246392131478e-05,0.0018877284601330757,0.04139688238501549,False,False,0.39,0.12
Haryana,Meghalaya,0.00025008914558210903,0.00020644913943059453,4.36400061515145e-05,Haryana,Meghalaya,4.36400061515145e-05,0.6426088213920593,0.07143046706914902,False,False,0.09,0.13
Kerala,Punjab,0.00024607321663503145,0.00020252589888095578,4.3547317754075664e-05,Kerala,Punjab,4.3547317754075664e-05,0.006139326374977827,0.09952452033758163,False,False,0.19,0.26
Himachal Pradesh,Manipur,3.892036137818749e-05,0.0,3.892036137818749e-05,Himachal Pradesh,Manipur,3.892036137818749e-05,0.005758699495345354,0.5320496559143066,False,False,0.34,0.14
Gujarat,Tamil Nadu,0.001741670635129012,0.0017796567816495215,-3.798614652050954e-05,Tamil Nadu,Gujarat,3.798614652050954e-05,0.002404172671958804,0.0050100041553378105,False,False,0.03,0.38
Kerala,Rajasthan,0.00018163021738192434,0.0002179871874389296,-3.6356970057005265e-05,Rajasthan,Kerala,3.6356970057005265e-05,0.012953707948327065,0.5634436011314392,False,False,0.15,0.06
Delhi,Meghalaya,0.0001791092391126017,0.00021476294419005214,-3.565370507745044e-05,Meghalaya,Delhi,3.565370507745044e-05,0.6509305238723755,0.06425868719816208,False,False,0.53,0.09
Mizoram,Sikkim,7.711024958946464e-05,4.1912953499435876e-05,3.5197296090028765e-05,Mizoram,Sikkim,3.5197296090028765e-05,0.68602454662323,0.3836902976036072,False,False,1.8,0.11
Himachal Pradesh,Nagaland,3.3897648559135e-05,0.0,3.3897648559135e-05,Himachal Pradesh,Nagaland,3.3897648559135e-05,0.0,0.5941739678382874,False,False,0.29,0.13
Karnataka,Uttarakhand,0.0001259590139116979,9.37014114916824e-05,3.225760242001548e-05,Karnataka,Uttarakhand,3.225760242001548e-05,0.0,0.0,False,False,0.07,0.12
Goa,Meghalaya,9.040500841711969e-06,3.874333314121532e-05,-2.9702832299503353e-05,Meghalaya,Goa,2.9702832299503353e-05,0.0,0.031064841896295547,False,False,0.44,0.06
Himachal Pradesh,Telangana,4.9557337722174845e-05,7.925818246115626e-05,-2.9700844738981412e-05,Telangana,Himachal Pradesh,2.9700844738981412e-05,0.0,0.007922018878161907,False,False,0.08,0.08
Meghalaya,Mizoram,0.00016494655564222154,0.00019296259998452785,-2.8016044342306313e-05,Mizoram,Meghalaya,2.8016044342306313e-05,0.0,0.6936290860176086,False,False,1.43,0.08
Andhra Pradesh,Punjab,0.00036775017932360536,0.0003401710305961738,2.7579148727431536e-05,Andhra Pradesh,Punjab,2.7579148727431536e-05,0.0010195494396612048,0.09958727657794952,False,False,0.05,0.16
Chhattisgarh,Karnataka,0.0008859112278279141,0.0008616456343445891,2.426559348332497e-05,Chhattisgarh,Karnataka,2.426559348332497e-05,0.0,0.0,False,False,0.04,0.06
Karnataka,Rajasthan,0.0002648689716331655,0.00024068629816031297,2.4182673472852525e-05,Karnataka,Rajasthan,2.4182673472852525e-05,0.007324670907109976,0.5672721862792969,False,False,0.05,0.16
Arunachal Pradesh,Mizoram,7.728670742257361e-05,9.629192033359944e-05,-1.900521291102583e-05,Mizoram,Arunachal Pradesh,1.900521291102583e-05,0.6323808431625366,0.576276421546936,False,False,0.97,0.08
Odisha,Uttarakhand,0.00013992193707563683,0.00012124166876999283,1.8680268305643996e-05,Odisha,Uttarakhand,1.8680268305643996e-05,0.013833017088472843,0.0,False,False,0.03,0.07
Manipur,Sikkim,7.415386470969787e-05,5.5525176305126315e-05,1.8628688404571552e-05,Manipur,Sikkim,1.8628688404571552e-05,0.6872723698616028,0.615181565284729,False,False,0.67,0.06
Arunachal Pradesh,Sikkim,9.264730399709888e-05,7.549705587009545e-05,1.7150248127003424e-05,Arunachal Pradesh,Sikkim,1.7150248127003424e-05,0.6668651103973389,0.6235601902008057,False,False,0.97,0.05
Goa,Odisha,2.0670974414699902e-05,5.5702580397652974e-06,1.5100716374934604e-05,Goa,Odisha,1.5100716374934604e-05,0.0,0.033411379903554916,False,False,0.68,0.04
Goa,Delhi,1.4514058541347336e-05,0.0,1.4514058541347336e-05,Goa,Delhi,1.4514058541347336e-05,0.0,0.649692177772522,False,False,0.65,0.04
Goa,Jharkhand,1.3882059955217635e-05,0.0,1.3882059955217635e-05,Goa,Jharkhand,1.3882059955217635e-05,0.0,0.08880316466093063,False,False,0.62,0.02
Arunachal Pradesh,Goa,2.2422911646575843e-05,1.0486497452379472e-05,1.193641419419637e-05,Arunachal Pradesh,Goa,1.193641419419637e-05,0.6268836855888367,0.0,False,False,0.68,0.02
Goa,Manipur,1.1915118325839024e-05,0.0,1.1915118325839024e-05,Goa,Manipur,1.1915118325839024e-05,0.0,0.31861743330955505,False,False,0.53,0.04
Delhi,West Bengal,0.00042081471230957915,0.0004324946554264486,-1.167994311686944e-05,West Bengal,Delhi,1.167994311686944e-05,0.6570911407470703,0.03652045130729675,False,False,0.02,0.03
Delhi,Telangana,0.00023354480332487063,0.000222885854432425,1.0658948892445635e-05,Delhi,Telangana,1.0658948892445635e-05,0.6619663238525391,0.00832655280828476,False,False,0.06,0.02
Goa,Assam,9.485336992371123e-06,0.0,9.485336992371123e-06,Goa,Assam,9.485336992371123e-06,0.0,0.5383388996124268,False,False,0.43,0.04
Goa,Nagaland,8.562055420099943e-06,0.0,8.562055420099943e-06,Goa,Nagaland,8.562055420099943e-06,0.0012953069526702166,0.2738931179046631,False,False,0.38,0.03
Goa,Bihar,8.06575482599265e-06,0.0,8.06575482599265e-06,Goa,Bihar,8.06575482599265e-06,0.0,0.0,False,False,0.36,0.02
Goa,Tripura,9.502010393154055e-06,2.679532722041621e-06,6.822477671112434e-06,Goa,Tripura,6.822477671112434e-06,0.0,0.4606436789035797,False,False,0.31,0.02
Goa,Sikkim,6.641049230801035e-06,1.1796927840454618e-05,-5.155878609653582e-06,Sikkim,Goa,5.155878609653582e-06,0.0,0.5916704535484314,False,False,0.5,0.01
Nagaland,Sikkim,6.224663489221328e-05,5.874188012155096e-05,3.504754770662317e-06,Nagaland,Sikkim,3.504754770662317e-06,0.009491781704127789,0.6152417659759521,False,False,0.21,0.01
Himachal Pradesh,Mizoram,4.048476528770707e-05,3.7205169500442084e-05,3.279595787264989e-06,Himachal Pradesh,Mizoram,3.279595787264989e-06,0.0,0.7038614153862,False,False,0.03,0.01
Goa,Mizoram,1.0151535075839039e-05,1.1053191072848255e-05,-9.016559970092163e-07,Mizoram,Goa,9.016559970092163e-07,0.0,0.2277630865573883,False,False,0.05,0.0
