defendant_state,claimant_state,harm_mt,confidence,fine_vt_units,fine_vt_points
Delhi,Uttar Pradesh,0.002954285926185958,0.9,0.0026588573335673622,49.9
Haryana,Delhi,0.0355992350339053,0.9,0.03203931153051477,150.0
Haryana,Uttar Pradesh,0.0019110728199673542,0.88,0.0016817440815712716,38.9
Jharkhand,West Bengal,0.020004126373426447,0.8,0.01600330109874116,150.0
Maharashtra,Andhra Pradesh,0.008090590649913786,0.77,0.006229754800433615,90.2
Maharashtra,Telangana,0.014971060745933386,0.77,0.011527716774368707,150.0
Punjab,Haryana,0.009160568934286569,0.92,0.008427723419543644,115.0
Punjab,Uttar Pradesh,0.001264207178486876,0.92,0.0011630706042079259,33.0
Uttar Pradesh,Bihar,0.0090157234742089,0.76,0.006851949840398764,97.2
Uttar Pradesh,West Bengal,0.0026268735012720825,0.76,0.001996423860966783,42.4
