state,own_emission_mt,exported_harm_mt,received_credit_mt
Andhra Pradesh,0.16503743131165627,0.05063274468834375,0.03258873070369761
Arunachal Pradesh,0.0029610917561031227,0.0017679637438968764,0.019051302907718254
Assam,0.03484246031218176,0.022210191687818244,0.023255435894365753
Bihar,0.07584614332387644,0.04027385667612353,0.0396038658766554
Chhattisgarh,0.18683193339358073,0.0690987386064193,0.034522674108426965
Delhi,0.0005422495761013131,0.018269864423898687,0.061341515070777355
Goa,0.00016501145222710514,0.0022286797977728954,0.05293500694537851
Gujarat,0.2471026798712321,0.06302868012876792,0.010283083780557672
Haryana,0.041714965256909944,0.04717606674309005,0.03263467477158173
Himachal Pradesh,0.01285152406771834,0.011541971932281661,0.02543558395456439
Jharkhand,0.0863067474963767,0.0541338925036233,0.04443700447057353
Karnataka,0.17941172941245953,0.04677271858754048,0.03544139426431833
Kerala,0.01795755076648809,0.0231102012335119,0.1172919755574797
Madhya Pradesh,0.23227861848843828,0.037676741511561695,0.021122182220308983
Maharashtra,0.39488530844371883,0.06416454755628109,0.023712357779569038
Manipur,0.00123948189084989,0.0027757466091501096,0.019965062653110092
Meghalaya,0.003037405419072471,0.006771156580927529,0.03328043046629028
Mizoram,0.0008255349376345295,0.0019580070623654708,0.02633941240211132
Nagaland,0.0005665206332402109,0.0017085488667597892,0.025565946689252585
Odisha,0.17585029185768106,0.05646833214231889,0.043765500567358395
Punjab,0.041664445165461035,0.04136496283453898,0.014167439857569339
Rajasthan,0.17162011044866013,0.025073137551339886,0.013644700341189947
Sikkim,0.00014650306636191678,0.0010322933086380833,0.030253057850383794
Tamil Nadu,0.3141411937774717,0.12076965422252828,0.03562988388656391
Telangana,0.08800147988010637,0.03925938411989363,0.03669915509887611
Tripura,0.0006722465884419535,0.003205448161558046,0.030940960415126628
Uttarakhand,0.007591304136795415,0.007096931863204587,0.021975124844548923
Uttar Pradesh,0.24910627532090412,0.05169724467909592,0.021173727036696344
West Bengal,0.13394088112361624,0.0754579508763838,0.0596684682845835
