state,S1,S2,S3,S4,S5,archetype,effort_multiplier
Andhra Pradesh,0.0,0.58,0.5,0.7,0.0,I,0.95
Arunachal Pradesh,0.0,0.88,1.0,1.0,0.0,F,1.5979999999999999
Assam,0.0,0.25,0.5,0.625,0.0,F,1.053125
Bihar,0.0,0.15,0.09999999999999999,0.3,0.0,M,0.665
Chhattisgarh,0.0,0.22,1.0,0.55,0.0,M,1.0310000000000001
Goa,0.3860398404967792,0.2,0.09999999999999999,0.75,0.3860398404967792,F,1.0235149401862922
Gujarat,0.0,0.65,0.09999999999999999,0.7,0.0,I,0.91625
Haryana,0.07525026077363828,0.3,0.09999999999999999,0.375,0.07525026077363828,I,0.7683126955802286
Himachal Pradesh,0.029261893686286955,0.9,0.3,0.95,0.029261893686286955,F,1.2272232101323577
Jharkhand,0.0,0.12,0.19999999999999998,0.5,0.0,I,0.6875
Karnataka,0.0,0.72,0.19999999999999998,0.75,0.0,M,1.001
Kerala,0.4663580835178468,0.55,0.09999999999999999,0.875,0.4663580835178468,M,1.237314850110708
Madhya Pradesh,0.0,0.45,1.0,0.575,0.0,M,1.1075
Maharashtra,1.0,0.42,1.0,0.625,1.0,I,1.6981249999999999
Manipur,0.3742363299325673,0.6,0.19999999999999998,0.75,0.3742363299325673,F,1.1615886237247128
Meghalaya,0.16050189548256288,0.75,0.3,0.95,0.16050189548256288,F,1.242688210805961
Mizoram,0.5822099806167801,0.55,0.3,0.875,0.5822099806167801,F,1.3277037427312925
Nagaland,1.0,0.58,0.3,0.8,1.0,F,1.463
Odisha,0.0,0.2,1.0,0.575,0.0,M,1.0325
Punjab,0.0,0.28,0.09999999999999999,0.625,0.0,I,0.760625
Rajasthan,0.0,0.68,0.09999999999999999,0.45,0.0,M,0.869
Sikkim,0.5571423136524194,0.82,0.09999999999999999,1.0,0.5571423136524194,F,1.3209283676196573
Tamil Nadu,0.44049902644280015,0.62,0.19999999999999998,0.8,0.44049902644280015,I,1.2728742698321
Telangana,0.0,0.5,0.3,0.65,0.0,I,0.87875
Tripura,1.0,0.3,0.3,0.7,1.0,F,1.3624999999999998
Uttarakhand,0.11656884824495561,0.85,0.19999999999999998,0.8,0.11656884824495561,F,1.1399633180918585
Uttar Pradesh,0.0,0.32,0.3,0.25,0.0,M,0.761
West Bengal,0.356271725821366,0.18,0.19999999999999998,0.425,0.356271725821366,I,0.9603287943660245
