state,total_exported_harm_mt,total_received_harm_mt,net_position_mt,system_role,top_victim_1,top_victim_1_mt,top_victim_1_conf,top_victim_2,top_victim_2_mt,top_victim_3,top_victim_3_mt,top_aggressor_1,top_aggressor_1_mt,top_aggressor_1_conf,top_aggressor_2,top_aggressor_2_mt,top_aggressor_3,top_aggressor_3_mt
Andhra Pradesh,0.050633,0.032589,0.018044,net aggressor,Karnataka,0.01533,0.0,Goa,0.007542,Kerala,0.005759,Telangana,0.009822,0.0,Maharashtra,0.008091,Karnataka,0.005109
Arunachal Pradesh,0.001768,0.019051,-0.017283,net victim,Assam,0.000455,0.65,Nagaland,0.000381,Meghalaya,0.000195,Assam,0.005979,0.65,West Bengal,0.002754,Odisha,0.00123
Assam,0.02221,0.023255,-0.001045,net victim,Nagaland,0.008992,0.65,Arunachal Pradesh,0.005979,Meghalaya,0.003599,West Bengal,0.005477,0.0,Meghalaya,0.002745,Bihar,0.002144
Bihar,0.040274,0.039604,0.00067,balanced,West Bengal,0.007364,0.0,Sikkim,0.005936,Jharkhand,0.004576,Jharkhand,0.011213,0.0,Uttar Pradesh,0.009016,West Bengal,0.005766
Chhattisgarh,0.069099,0.034523,0.034576,net aggressor,Odisha,0.022156,0.0,Jharkhand,0.010117,Telangana,0.005611,Madhya Pradesh,0.011555,0.65,Maharashtra,0.004702,Odisha,0.00458
Delhi,0.01827,0.061342,-0.043072,net victim,Haryana,0.007397,0.65,Uttar Pradesh,0.002954,Madhya Pradesh,0.000972,Haryana,0.035599,0.9,Punjab,0.005383,Rajasthan,0.005148
Goa,0.002229,0.052935,-0.050706,net victim,Karnataka,0.001568,0.0,Andhra Pradesh,0.000135,Kerala,0.000112,Karnataka,0.03148,0.0,Andhra Pradesh,0.007542,Maharashtra,0.003799
Gujarat,0.063029,0.010283,0.052746,net aggressor,Maharashtra,0.009355,0.0,Madhya Pradesh,0.006576,Rajasthan,0.005733,Maharashtra,0.004913,0.0,Andhra Pradesh,0.001049,Telangana,0.000664
Haryana,0.047176,0.032635,0.014541,net aggressor,Delhi,0.035599,0.9,Uttarakhand,0.002593,Uttar Pradesh,0.001911,Punjab,0.009161,0.92,Delhi,0.007397,Rajasthan,0.004846
Himachal Pradesh,0.011542,0.025436,-0.013894,net victim,Punjab,0.004444,0.0,Uttarakhand,0.002495,Haryana,0.001325,Punjab,0.015945,0.0,Uttar Pradesh,0.002049,Gujarat,0.001603
Jharkhand,0.054134,0.044437,0.009697,net aggressor,West Bengal,0.020004,0.8,Bihar,0.011213,Tripura,0.003182,Chhattisgarh,0.010117,0.0,West Bengal,0.006991,Odisha,0.006909
Karnataka,0.046773,0.035441,0.011331,net aggressor,Goa,0.03148,0.0,Andhra Pradesh,0.005109,Telangana,0.002958,Andhra Pradesh,0.01533,0.0,Telangana,0.005531,Maharashtra,0.005152
Kerala,0.02311,0.117292,-0.094182,net victim,Tamil Nadu,0.022413,0.0,Andhra Pradesh,0.000171,Mizoram,7.7e-05,Tamil Nadu,0.105304,0.0,Andhra Pradesh,0.005759,Telangana,0.001456
Madhya Pradesh,0.037677,0.021122,0.016555,net aggressor,Chhattisgarh,0.011555,0.65,Odisha,0.003326,Jharkhand,0.003137,Gujarat,0.006576,0.0,Maharashtra,0.003066,Rajasthan,0.002198
Maharashtra,0.064165,0.023712,0.040452,net aggressor,Telangana,0.014971,0.77,Andhra Pradesh,0.008091,Karnataka,0.005152,Gujarat,0.009355,0.0,Telangana,0.00375,Andhra Pradesh,0.003216
Manipur,0.002776,0.019965,-0.017189,net victim,Nagaland,0.001298,0.65,Assam,0.000731,Meghalaya,0.000277,West Bengal,0.004517,0.0,Odisha,0.002145,Bihar,0.001737
Meghalaya,0.006771,0.03328,-0.026509,net victim,Assam,0.002745,0.0,Sikkim,0.0007,Manipur,0.000655,West Bengal,0.010345,0.0,Assam,0.003599,Bihar,0.003397
Mizoram,0.001958,0.026339,-0.024381,net victim,Manipur,0.000772,0.65,Tripura,0.000329,Assam,0.000276,West Bengal,0.00826,0.0,Odisha,0.003176,Jharkhand,0.002449
Nagaland,0.001709,0.025566,-0.023857,net victim,Arunachal Pradesh,0.000944,0.0,Manipur,0.000405,Assam,0.000116,Assam,0.008992,0.65,West Bengal,0.003497,Odisha,0.00165
Odisha,0.056468,0.043766,0.012703,net aggressor,West Bengal,0.014601,0.0,Jharkhand,0.006909,Chhattisgarh,0.00458,Chhattisgarh,0.022156,0.0,Madhya Pradesh,0.003326,Telangana,0.002778
Punjab,0.041365,0.014167,0.027198,net aggressor,Himachal Pradesh,0.015945,0.0,Haryana,0.009161,Delhi,0.005383,Himachal Pradesh,0.004444,0.0,Gujarat,0.0017,Haryana,0.00168
Rajasthan,0.025073,0.013645,0.011428,net aggressor,Delhi,0.005148,0.65,Haryana,0.004846,Madhya Pradesh,0.002198,Gujarat,0.005733,0.0,Uttar Pradesh,0.001709,Maharashtra,0.001436
Sikkim,0.001032,0.030253,-0.029221,net victim,Uttarakhand,0.00036,0.8,Himachal Pradesh,0.00025,Punjab,0.00018,West Bengal,0.008093,0.0,Bihar,0.005936,Jharkhand,0.002727
Tamil Nadu,0.12077,0.03563,0.08514,net aggressor,Kerala,0.105304,0.0,Karnataka,0.002517,Goa,0.002032,Kerala,0.022413,0.0,Andhra Pradesh,0.00521,Maharashtra,0.001842
Telangana,0.039259,0.036699,0.00256,net aggressor,Andhra Pradesh,0.009822,0.0,Karnataka,0.005531,Maharashtra,0.00375,Maharashtra,0.014971,0.77,Chhattisgarh,0.005611,Andhra Pradesh,0.003934
Tripura,0.003205,0.030941,-0.027736,net victim,Mizoram,0.001101,0.65,Meghalaya,0.000756,Manipur,0.000557,West Bengal,0.010843,0.0,Odisha,0.003687,Jharkhand,0.003182
Uttarakhand,0.007097,0.021975,-0.014878,net victim,Delhi,0.002072,0.0,Haryana,0.00103,Himachal Pradesh,0.000922,Uttar Pradesh,0.004382,0.0,Punjab,0.003765,Haryana,0.002593
Uttar Pradesh,0.051697,0.021174,0.030524,net aggressor,Bihar,0.009016,0.76,Jharkhand,0.005245,Delhi,0.004779,Delhi,0.002954,0.9,Gujarat,0.002952,Bihar,0.002451
West Bengal,0.075458,0.059668,0.015789,net aggressor,Tripura,0.010843,0.0,Meghalaya,0.010345,Mizoram,0.00826,Jharkhand,0.020004,0.8,Odisha,0.014601,Bihar,0.007364
