state,archetype,emission_2022_mt,absorption_mt,own_emission_mt,exported_harm_mt,received_credit_mt,raw_balance,effort_multiplier,adjusted_balance,baseline_expected,excess_over_baseline,VT_score
Andhra Pradesh,I,0.215670176,0.431340352,0.16503743131165627,0.05063274468834367,0.033343341085393136,0.24901351708539318,0.9607142857142857,0.2392308431998956,0.22882310399999997,0.010407739199895627,451.50274651286065
Arunachal Pradesh,F,0.0047290555,0.009458111,0.0029610917561031227,0.0017679637438968764,0.019651538883173218,0.02438059438317322,1.6087142857142855,0.03922141047841623,0.0049338555,0.03428755497841623,514.192050291407
Assam,F,0.057052652,0.114105304,0.03484246031218176,0.02221019168781825,0.024015502623033994,0.08106815462303399,1.0638392857142858,0.08624348770834375,0.060479993333333336,0.025763494375010416,491.814682327191
Bihar,M,0.11612,0.23224,0.07584614332387644,0.04027385667612356,0.042161804221112084,0.15828180422111207,0.6792857142857143,0.1075185684387697,0.13105604533333332,-0.02353747689456362,362.3897490211443
Chhattisgarh,M,0.255930672,0.511861344,0.18683193339358073,0.0690987386064193,0.03633668122054218,0.2922673532205422,1.0452857142857144,0.3055028890735296,0.2821346773333334,0.02336821174019621,485.5265852111149
Goa,F,0.00239369125,0.0047873825,0.00016501145222710514,0.002228679797772895,0.05336772343400289,0.05576141468400289,0.9473702617888027,0.052826706026897804,0.0025077942500000006,0.050318911776897804,556.2775758098344
Gujarat,I,0.31013136,0.62026272,0.2471026798712321,0.06302868012876803,0.010626214591364452,0.32075757459136434,0.9269642857142857,0.29733081601853073,0.3312727146666667,-0.03394189864813596,335.0760560680984
Haryana,I,0.088891032,0.177782064,0.041714965256909944,0.047176066743090064,0.02890691982993976,0.11779795182993973,0.7620956726204458,0.08977330933314878,0.09388724799999999,-0.004113938666851211,413.3804308465259
Himachal Pradesh,F,0.024393496,0.048786992,0.01285152406771834,0.011541971932281658,0.029659994306190998,0.054053490306191,1.2313535697672289,0.0665589582469066,0.026027655333333333,0.040531302913573264,530.5831403506444
Jharkhand,I,0.14044064,0.28088128,0.0863067474963767,0.0541338925036233,0.046377753490744245,0.18681839349074425,0.6982142857142857,0.13043927116943035,0.1542393466666667,-0.02380007549723634,361.7003750440813
Karnataka,M,0.226184448,0.452368896,0.17941172941245953,0.04677271858754051,0.03595321445420341,0.2621376624542034,1.0152857142857143,0.26614462386600335,0.24383856,0.02230606386600334,482.7382341048678
Kerala,M,0.041067752,0.082135504,0.01795755076648809,0.0231102012335119,0.11753794080701063,0.15860569280701065,1.1116931393410683,0.17632086055399077,0.043094688,0.13322617255399077,700.0
Madhya Pradesh,M,0.26995536,0.53991072,0.23227861848843828,0.037676741511561695,0.024170275373065486,0.29412563537306546,1.1217857142857144,0.32994593596671384,0.29794648533333323,0.03199945063338061,508.185317672809
Maharashtra,I,0.459049856,0.918099712,0.39488530844371883,0.06416454755628104,0.024882302330589467,0.48393215833058956,1.5042224956994081,0.7279416389532406,0.4710818453333333,0.2568597936199073,700.0
Manipur,F,0.0040152285,0.008030457,0.00123948189084989,0.0027757466091501096,0.02061526308855714,0.024630491588557138,1.0880997352041708,0.026800431375457578,0.004223806583333333,0.022576624792124245,483.4485107772471
Meghalaya,F,0.009808562,0.019617124,0.003037405419072471,0.0067711565809275304,0.034237165336555984,0.044045727336555984,1.2172895700366702,0.05361640449146864,0.010472649666666667,0.043143754824801976,537.4413503548092
Mizoram,F,0.002783542,0.005567084,0.0008255349376345295,0.0019580070623654708,0.027072623121308,0.029856165121308,1.2074207828068027,0.03604895426237886,0.0029278725833333332,0.03312108167904553,511.1298240291932
Nagaland,F,0.0022750695,0.004550139,0.0005665206332402109,0.0017085488667597892,0.026218614694374025,0.028493684194374026,1.2510510332056746,0.03564705305120782,0.00235177125,0.03329528180120782,511.58713427303155
Odisha,M,0.232318624,0.464637248,0.17585029185768106,0.056468332142318944,0.045039949860413625,0.2773585738604136,1.0467857142857144,0.29033499285174014,0.25653122666666667,0.03380376618507347,512.9220077202326
Punjab,I,0.083029408,0.166058816,0.041664445165461035,0.041364962834538964,0.019710166073175425,0.10273957407317542,0.7713392857142858,0.07924706968019309,0.08887434133333333,-0.009627271653140243,398.90682645965126
Rajasthan,M,0.196693248,0.393386496,0.17162011044866013,0.025073137551339886,0.013893918608059913,0.21058716660805987,0.8832857142857143,0.18600863587680488,0.21178711466666664,-0.025778478789861753,356.5066697760771
Sikkim,F,0.001178796375,0.00235759275,0.00014650306636191678,0.0010322933086380833,0.03165396117334763,0.03283275754834763,1.2062856327621487,0.03960568371453473,0.001238046625,0.03836763708953473,524.903083796757
Tamil Nadu,I,0.434910848,0.869821696,0.3141411937774717,0.12076965422252833,0.035932082928111286,0.47084293092811136,1.1844762745967556,0.5577022807459469,0.451686432,0.10601584874594683,700.0
Telangana,I,0.127260864,0.254521728,0.08800147988010637,0.03925938411989366,0.037779966435225465,0.16504083043522544,0.8894642857142858,0.14679792435676037,0.13915967466666668,0.00763824969009369,444.2322813299744
Tripura,F,0.00387769475,0.0077553895,0.0006722465884419535,0.003205448161558047,0.03180351968718624,0.03568121443718624,1.158513833539165,0.04133718052295763,0.003813642666666667,0.037523537856290964,522.6871540867944
Uttarakhand,F,0.014688236,0.029376472,0.007591304136795415,0.007096931863204585,0.03103078870433288,0.04571902470433288,1.124449612951029,0.05140873963328564,0.015412850666666667,0.035995888966618976,518.6767694925486
Uttar Pradesh,M,0.30080352,0.60160704,0.24910627532090412,0.051697244679095866,0.025302203145878055,0.32610572314587805,0.7752857142857144,0.25282510850181145,0.32719140266666663,-0.07436629416485518,300.0
West Bengal,I,0.209398832,0.418797664,0.13394088112361624,0.07545795087638377,0.0611743647688443,0.2705731967688443,0.890881941770503,0.24104877492848037,0.216709424,0.024339350928480358,488.07602027167997
