state,total_emission_mt
Andhra Pradesh,0.206516544
Arunachal Pradesh,0.0046564895
Assam,0.054435304
Bihar,0.108532312
Chandigarh,0.00152119
Chhattisgarh,0.240341696
Dadra and Nagar Haveli,0.002206272
Daman and Diu,0.00134257
Goa,0.002299659
Gujarat,0.29559744
Haryana,0.084880528
Himachal Pradesh,0.023300956
Jammu and Kashmir,0.015960601
Jharkhand,0.131990952
Karnataka,0.213224448
Kerala,0.03927388
Madhya Pradesh,0.25357008
Maharashtra,0.434228192
Manipur,0.0038161375
Meghalaya,0.009346318
Mizoram,0.00262859275
NCT of Delhi,0.01829471
Nagaland,0.0021569385
Odisha,0.218689936
Puducherry,0.001242089
Punjab,0.079069808
Rajasthan,0.187005152
Sikkim,0.00111720225
Tamil Nadu,0.42378272
Telangana,0.1193436
Tripura,0.0038728595
Uttar Pradesh,0.283985664
Uttarakhand,0.014128857
West Bengal,0.2089696
