state,year,total_emission_mt
Andhra Pradesh,2015,0.187845888
Andhra Pradesh,2016,0.187785856
Andhra Pradesh,2017,0.20851856
Andhra Pradesh,2018,0.209559248
Andhra Pradesh,2019,0.2038864
Andhra Pradesh,2020,0.1971488
Andhra Pradesh,2021,0.206516544
Andhra Pradesh,2022,0.215670176
Arunachal Pradesh,2015,0.003697534
Arunachal Pradesh,2016,0.003711256
Arunachal Pradesh,2017,0.00393263775
Arunachal Pradesh,2018,0.004076124
Arunachal Pradesh,2019,0.004387126
Arunachal Pradesh,2020,0.004529151
Arunachal Pradesh,2021,0.0046564895
Arunachal Pradesh,2022,0.0047290555
Assam,2015,0.051421908
Assam,2016,0.051291324
Assam,2017,0.053002068
Assam,2018,0.05156946
Assam,2019,0.0532564
Assam,2020,0.053184228
Assam,2021,0.054435304
Assam,2022,0.057052652
Bihar,2015,0.086101992
Bihar,2016,0.085919952
Bihar,2017,0.090167464
Bihar,2018,0.095101552
Bihar,2019,0.098619776
Bihar,2020,0.096399776
Bihar,2021,0.108532312
Bihar,2022,0.11612
Chandigarh,2015,0.00141241
Chandigarh,2016,0.00148642
Chandigarh,2017,0.00158154
Chandigarh,2018,0.00151074
Chandigarh,2019,0.00152499
Chandigarh,2020,0.00146563
Chandigarh,2021,0.00152119
Chandigarh,2022,0.00159012
Chhattisgarh,2015,0.203640832
Chhattisgarh,2016,0.203637456
Chhattisgarh,2017,0.21488696
Chhattisgarh,2018,0.2336296
Chhattisgarh,2019,0.228480768
Chhattisgarh,2020,0.220357536
Chhattisgarh,2021,0.240341696
Chhattisgarh,2022,0.255930672
Dadra and Nagar Haveli,2015,0.001975040125
Dadra and Nagar Haveli,2016,0.00205342225
Dadra and Nagar Haveli,2017,0.0021788175
Dadra and Nagar Haveli,2018,0.00217155675
Dadra and Nagar Haveli,2019,0.00217553125
Dadra and Nagar Haveli,2020,0.0021145335
Dadra and Nagar Haveli,2021,0.002206272
Dadra and Nagar Haveli,2022,0.0022841055
Daman and Diu,2015,0.00133071
Daman and Diu,2016,0.00138483
Daman and Diu,2017,0.00147266
Daman and Diu,2018,0.0013251
Daman and Diu,2019,0.00132715
Daman and Diu,2020,0.00128633
Daman and Diu,2021,0.00134257
Daman and Diu,2022,0.00139074
Goa,2015,0.002206093
Goa,2016,0.00226058
Goa,2017,0.00238263325
Goa,2018,0.0023084575
Goa,2019,0.00232239825
Goa,2020,0.0022167075
Goa,2021,0.002299659
Goa,2022,0.00239369125
Gujarat,2015,0.271240736
Gujarat,2016,0.27148112
Gujarat,2017,0.284884352
Gujarat,2018,0.291938432
Gujarat,2019,0.292809248
Gujarat,2020,0.278563328
Gujarat,2021,0.29559744
Gujarat,2022,0.31013136
Haryana,2015,0.083629352
Haryana,2016,0.081704184
Haryana,2017,0.082931424
Haryana,2018,0.085404152
Haryana,2019,0.084962576
Haryana,2020,0.081841344
Haryana,2021,0.084880528
Haryana,2022,0.088891032
Himachal Pradesh,2015,0.021703544
Himachal Pradesh,2016,0.02190862
Himachal Pradesh,2017,0.022939176
Himachal Pradesh,2018,0.02312954
Himachal Pradesh,2019,0.023264318
Himachal Pradesh,2020,0.021712736
Himachal Pradesh,2021,0.023300956
Himachal Pradesh,2022,0.024393496
Jammu and Kashmir,2015,0.014840944
Jammu and Kashmir,2016,0.015089526
Jammu and Kashmir,2017,0.015769642
Jammu and Kashmir,2018,0.016135258
Jammu and Kashmir,2019,0.016338044
Jammu and Kashmir,2020,0.015507836
Jammu and Kashmir,2021,0.015960601
Jammu and Kashmir,2022,0.016664976
Jharkhand,2015,0.124536688
Jharkhand,2016,0.124500848
Jharkhand,2017,0.129164464
Jharkhand,2018,0.129560448
Jharkhand,2019,0.127040176
Jharkhand,2020,0.120894672
Jharkhand,2021,0.131990952
Jharkhand,2022,0.14044064
Karnataka,2015,0.174672848
Karnataka,2016,0.185916256
Karnataka,2017,0.20185648
Karnataka,2018,0.213761168
Karnataka,2019,0.212311328
Karnataka,2020,0.200055232
Karnataka,2021,0.213224448
Karnataka,2022,0.226184448
Kerala,2015,0.035864792
Kerala,2016,0.037293448
Kerala,2017,0.039295656
Kerala,2018,0.039467632
Kerala,2019,0.040000456
Kerala,2020,0.037848112
Kerala,2021,0.03927388
Kerala,2022,0.041067752
Madhya Pradesh,2015,0.22031872
Madhya Pradesh,2016,0.213766688
Madhya Pradesh,2017,0.220086272
Madhya Pradesh,2018,0.238913088
Madhya Pradesh,2019,0.23928768
Madhya Pradesh,2020,0.233034944
Madhya Pradesh,2021,0.25357008
Madhya Pradesh,2022,0.26995536
Maharashtra,2015,0.43043168
Maharashtra,2016,0.455821216
Maharashtra,2017,0.476007136
Maharashtra,2018,0.5073056
Maharashtra,2019,0.49816064
Maharashtra,2020,0.408664768
Maharashtra,2021,0.434228192
Maharashtra,2022,0.459049856
Manipur,2015,0.003465351
Manipur,2016,0.0035651885
Manipur,2017,0.003751464
Manipur,2018,0.00385446875
Manipur,2019,0.00389341075
Manipur,2020,0.003710403
Manipur,2021,0.0038161375
Manipur,2022,0.0040152285
Meghalaya,2015,0.008616432
Meghalaya,2016,0.008717505
Meghalaya,2017,0.009111463
Meghalaya,2018,0.009392047
Meghalaya,2019,0.009413434
Meghalaya,2020,0.008673671
Meghalaya,2021,0.009346318
Meghalaya,2022,0.009808562
Mizoram,2015,0.00239253775
Mizoram,2016,0.002446983
Mizoram,2017,0.002581432
Mizoram,2018,0.0026779945
Mizoram,2019,0.002726585
Mizoram,2020,0.0025624565
Mizoram,2021,0.00262859275
Mizoram,2022,0.002783542
NCT of Delhi,2015,0.018452332
NCT of Delhi,2016,0.019137048
NCT of Delhi,2017,0.020159114
NCT of Delhi,2018,0.019770174
NCT of Delhi,2019,0.019686772
NCT of Delhi,2020,0.017952876
NCT of Delhi,2021,0.01829471
NCT of Delhi,2022,0.018812114
Nagaland,2015,0.0019323085
Nagaland,2016,0.00201045975
Nagaland,2017,0.0021440035
Nagaland,2018,0.00230015225
Nagaland,2019,0.0023001215
Nagaland,2020,0.00213804325
Nagaland,2021,0.0021569385
Nagaland,2022,0.0022750695
Odisha,2015,0.182525424
Odisha,2016,0.18653928
Odisha,2017,0.19284304
Odisha,2018,0.203142816
Odisha,2019,0.207526496
Odisha,2020,0.198101632
Odisha,2021,0.218689936
Odisha,2022,0.232318624
Puducherry,2015,0.001092453
Puducherry,2016,0.001160782
Puducherry,2017,0.001231891
Puducherry,2018,0.001254836
Puducherry,2019,0.001302015
Puducherry,2020,0.00120337
Puducherry,2021,0.001242089
Puducherry,2022,0.001295602
Punjab,2015,0.073501104
Punjab,2016,0.076151792
Punjab,2017,0.07900168
Punjab,2018,0.081988232
Punjab,2019,0.077284672
Punjab,2020,0.075198944
Punjab,2021,0.079069808
Punjab,2022,0.083029408
Rajasthan,2015,0.165792144
Rajasthan,2016,0.163004896
Rajasthan,2017,0.17122832
Rajasthan,2018,0.181584448
Rajasthan,2019,0.183315968
Rajasthan,2020,0.174477024
Rajasthan,2021,0.187005152
Rajasthan,2022,0.196693248
Sikkim,2015,0.001015619875
Sikkim,2016,0.001040427875
Sikkim,2017,0.00109409425
Sikkim,2018,0.0011352365
Sikkim,2019,0.001153259875
Sikkim,2020,0.00108817625
Sikkim,2021,0.00111720225
Sikkim,2022,0.001178796375
Tamil Nadu,2015,0.395753504
Tamil Nadu,2016,0.402145568
Tamil Nadu,2017,0.401225664
Tamil Nadu,2018,0.418163328
Tamil Nadu,2019,0.423075296
Tamil Nadu,2020,0.407547776
Tamil Nadu,2021,0.42378272
Tamil Nadu,2022,0.434910848
Telangana,2015,0.105595256
Telangana,2016,0.106706784
Telangana,2017,0.107805072
Telangana,2018,0.116834848
Telangana,2019,0.114083776
Telangana,2020,0.112658784
Telangana,2021,0.1193436
Telangana,2022,0.127260864
Tripura,2015,0.00382170175
Tripura,2016,0.00390348725
Tripura,2017,0.0040082515
Tripura,2018,0.004073485
Tripura,2019,0.0040374845
Tripura,2020,0.0039148965
Tripura,2021,0.0038728595
Tripura,2022,0.00387769475
Uttar Pradesh,2015,0.247678784
Uttar Pradesh,2016,0.25768448
Uttar Pradesh,2017,0.26628072
Uttar Pradesh,2018,0.276695008
Uttar Pradesh,2019,0.273108544
Uttar Pradesh,2020,0.266152704
Uttar Pradesh,2021,0.283985664
Uttar Pradesh,2022,0.30080352
Uttarakhand,2015,0.012654027
Uttarakhand,2016,0.012895657
Uttarakhand,2017,0.013489193
Uttarakhand,2018,0.013871066
Uttarakhand,2019,0.01406688
Uttarakhand,2020,0.013695127
Uttarakhand,2021,0.014128857
Uttarakhand,2022,0.014688236
West Bengal,2015,0.190854
West Bengal,2016,0.191406144
West Bengal,2017,0.200064448
West Bengal,2018,0.20697432
West Bengal,2019,0.2028692
West Bengal,2020,0.19442592
West Bengal,2021,0.2089696
West Bengal,2022,0.209398832
